ISO-10303-21;
HEADER;
FILE_DESCRIPTION(('Zoo Text-to-CAD'),'1');
FILE_NAME('output.step', '2026-08-01T20:10:08.382239254+00:00', (''), (''), 'zoo.dev beta', 'zoo.dev', '');
FILE_SCHEMA(('AP242_MANAGED_MODEL_BASED_3D_ENGINEERING_MIM_LF'));
ENDSEC;
DATA;
#1 = (
  LENGTH_UNIT()
  NAMED_UNIT(*)
  SI_UNIT(.MILLI., .METRE.)
);
#2 = (
  NAMED_UNIT(*)
  PLANE_ANGLE_UNIT()
  SI_UNIT($, .RADIAN.)
);
#3 = UNCERTAINTY_MEASURE_WITH_UNIT(LENGTH_MEASURE(0.01), #1, 'DISTANCE_ACCURACY_VALUE', $);
#4 = (
  GEOMETRIC_REPRESENTATION_CONTEXT(3)
  GLOBAL_UNCERTAINTY_ASSIGNED_CONTEXT((#3))
  GLOBAL_UNIT_ASSIGNED_CONTEXT((#1, #2))
  REPRESENTATION_CONTEXT('3D', '3D context')
);
#5 = CARTESIAN_POINT('', (-740., 616., 1540.));
#6 = VERTEX_POINT('', #5);
#7 = CARTESIAN_POINT('', (-740., 630., 1540.));
#8 = VERTEX_POINT('', #7);
#9 = CARTESIAN_POINT('', (-740., 630., 1860.));
#10 = VERTEX_POINT('', #9);
#11 = CARTESIAN_POINT('', (-740., 616., 1860.));
#12 = VERTEX_POINT('', #11);
#13 = CARTESIAN_POINT('', (-980., 630., 1540.));
#14 = VERTEX_POINT('', #13);
#15 = CARTESIAN_POINT('', (-980., 630., 1860.));
#16 = VERTEX_POINT('', #15);
#17 = CARTESIAN_POINT('', (-980., 616., 1540.));
#18 = VERTEX_POINT('', #17);
#19 = CARTESIAN_POINT('', (-980., 616., 1860.));
#20 = VERTEX_POINT('', #19);
#21 = CARTESIAN_POINT('', (-720., 630., 1520.));
#22 = VERTEX_POINT('', #21);
#23 = CARTESIAN_POINT('', (-720., 770., 1520.));
#24 = VERTEX_POINT('', #23);
#25 = CARTESIAN_POINT('', (-720., 770., 1880.));
#26 = VERTEX_POINT('', #25);
#27 = CARTESIAN_POINT('', (-720., 630., 1880.));
#28 = VERTEX_POINT('', #27);
#29 = CARTESIAN_POINT('', (-1000., 770., 1520.));
#30 = VERTEX_POINT('', #29);
#31 = CARTESIAN_POINT('', (-1000., 770., 1880.));
#32 = VERTEX_POINT('', #31);
#33 = CARTESIAN_POINT('', (-1000., 630., 1520.));
#34 = VERTEX_POINT('', #33);
#35 = CARTESIAN_POINT('', (-1000., 630., 1880.));
#36 = VERTEX_POINT('', #35);
#37 = CARTESIAN_POINT('', (-280., 265., 160.));
#38 = VERTEX_POINT('', #37);
#39 = CARTESIAN_POINT('', (-280., 685., 160.));
#40 = VERTEX_POINT('', #39);
#41 = CARTESIAN_POINT('', (-280., 685., 240.));
#42 = VERTEX_POINT('', #41);
#43 = CARTESIAN_POINT('', (-280., 265., 240.));
#44 = VERTEX_POINT('', #43);
#45 = CARTESIAN_POINT('', (-720., 685., 160.));
#46 = VERTEX_POINT('', #45);
#47 = CARTESIAN_POINT('', (-720., 685., 240.));
#48 = VERTEX_POINT('', #47);
#49 = CARTESIAN_POINT('', (-720., 265., 160.));
#50 = VERTEX_POINT('', #49);
#51 = CARTESIAN_POINT('', (-720., 265., 240.));
#52 = VERTEX_POINT('', #51);
#53 = CARTESIAN_POINT('', (-270., 205., 230.));
#54 = VERTEX_POINT('', #53);
#55 = CARTESIAN_POINT('', (-270., 225., 230.));
#56 = VERTEX_POINT('', #55);
#57 = CARTESIAN_POINT('', (-270., 225., 1450.));
#58 = VERTEX_POINT('', #57);
#59 = CARTESIAN_POINT('', (-270., 205., 1450.));
#60 = VERTEX_POINT('', #59);
#61 = CARTESIAN_POINT('', (-730., 225., 230.));
#62 = VERTEX_POINT('', #61);
#63 = CARTESIAN_POINT('', (-730., 225., 1450.));
#64 = VERTEX_POINT('', #63);
#65 = CARTESIAN_POINT('', (-730., 205., 230.));
#66 = VERTEX_POINT('', #65);
#67 = CARTESIAN_POINT('', (-730., 205., 1450.));
#68 = VERTEX_POINT('', #67);
#69 = CARTESIAN_POINT('', (-240., 225., 160.));
#70 = VERTEX_POINT('', #69);
#71 = CARTESIAN_POINT('', (-240., 725., 160.));
#72 = VERTEX_POINT('', #71);
#73 = CARTESIAN_POINT('', (-240., 725., 1500.));
#74 = VERTEX_POINT('', #73);
#75 = CARTESIAN_POINT('', (-240., 225., 1500.));
#76 = VERTEX_POINT('', #75);
#77 = CARTESIAN_POINT('', (-760., 725., 160.));
#78 = VERTEX_POINT('', #77);
#79 = CARTESIAN_POINT('', (-760., 725., 1500.));
#80 = VERTEX_POINT('', #79);
#81 = CARTESIAN_POINT('', (-760., 225., 160.));
#82 = VERTEX_POINT('', #81);
#83 = CARTESIAN_POINT('', (-760., 225., 1500.));
#84 = VERTEX_POINT('', #83);
#85 = CARTESIAN_POINT('', (348.74584073, 810., 198.8715225));
#86 = VERTEX_POINT('', #85);
#87 = CARTESIAN_POINT('', (348.74584073, 910., 198.8715225));
#88 = VERTEX_POINT('', #87);
#89 = CARTESIAN_POINT('', (958.31932419, 910., 2868.97369438));
#90 = VERTEX_POINT('', #89);
#91 = CARTESIAN_POINT('', (958.31932419, 810., 2868.97369438));
#92 = VERTEX_POINT('', #91);
#93 = CARTESIAN_POINT('', (251.25415927, 910., 221.1284775));
#94 = VERTEX_POINT('', #93);
#95 = CARTESIAN_POINT('', (860.82764273, 910., 2891.23064938));
#96 = VERTEX_POINT('', #95);
#97 = CARTESIAN_POINT('', (251.25415927, 810., 221.1284775));
#98 = VERTEX_POINT('', #97);
#99 = CARTESIAN_POINT('', (860.82764273, 810., 2891.23064938));
#100 = VERTEX_POINT('', #99);
#101 = CARTESIAN_POINT('', (1000., 770., 2880.));
#102 = VERTEX_POINT('', #101);
#103 = CARTESIAN_POINT('', (1000., 950., 2880.));
#104 = VERTEX_POINT('', #103);
#105 = CARTESIAN_POINT('', (1000., 950., 3100.));
#106 = VERTEX_POINT('', #105);
#107 = CARTESIAN_POINT('', (1000., 770., 3100.));
#108 = VERTEX_POINT('', #107);
#109 = CARTESIAN_POINT('', (-1000., 950., 2880.));
#110 = VERTEX_POINT('', #109);
#111 = CARTESIAN_POINT('', (-1000., 950., 3100.));
#112 = VERTEX_POINT('', #111);
#113 = CARTESIAN_POINT('', (-1000., 770., 2880.));
#114 = VERTEX_POINT('', #113);
#115 = CARTESIAN_POINT('', (-1000., 770., 3100.));
#116 = VERTEX_POINT('', #115);
#117 = CARTESIAN_POINT('', (-820., 770., 160.));
#118 = VERTEX_POINT('', #117);
#119 = CARTESIAN_POINT('', (-820., 950., 160.));
#120 = VERTEX_POINT('', #119);
#121 = CARTESIAN_POINT('', (-820., 950., 3100.));
#122 = VERTEX_POINT('', #121);
#123 = CARTESIAN_POINT('', (-820., 770., 3100.));
#124 = VERTEX_POINT('', #123);
#125 = CARTESIAN_POINT('', (-1000., 950., 160.));
#126 = VERTEX_POINT('', #125);
#127 = CARTESIAN_POINT('', (-1000., 950., 3100.));
#128 = VERTEX_POINT('', #127);
#129 = CARTESIAN_POINT('', (-1000., 770., 160.));
#130 = VERTEX_POINT('', #129);
#131 = CARTESIAN_POINT('', (-1000., 770., 3100.));
#132 = VERTEX_POINT('', #131);
#133 = CARTESIAN_POINT('', (50., -830., 0.));
#134 = VERTEX_POINT('', #133);
#135 = CARTESIAN_POINT('', (50., 830., 0.));
#136 = VERTEX_POINT('', #135);
#137 = CARTESIAN_POINT('', (50., 830., 120.));
#138 = VERTEX_POINT('', #137);
#139 = CARTESIAN_POINT('', (50., -830., 120.));
#140 = VERTEX_POINT('', #139);
#141 = CARTESIAN_POINT('', (-50., 830., 0.));
#142 = VERTEX_POINT('', #141);
#143 = CARTESIAN_POINT('', (-50., 830., 120.));
#144 = VERTEX_POINT('', #143);
#145 = CARTESIAN_POINT('', (-50., -830., 0.));
#146 = VERTEX_POINT('', #145);
#147 = CARTESIAN_POINT('', (-50., -830., 120.));
#148 = VERTEX_POINT('', #147);
#149 = CARTESIAN_POINT('', (880., 250., 0.));
#150 = VERTEX_POINT('', #149);
#151 = CARTESIAN_POINT('', (880., 350., 0.));
#152 = VERTEX_POINT('', #151);
#153 = CARTESIAN_POINT('', (880., 350., 120.));
#154 = VERTEX_POINT('', #153);
#155 = CARTESIAN_POINT('', (880., 250., 120.));
#156 = VERTEX_POINT('', #155);
#157 = CARTESIAN_POINT('', (-880., 350., 0.));
#158 = VERTEX_POINT('', #157);
#159 = CARTESIAN_POINT('', (-880., 350., 120.));
#160 = VERTEX_POINT('', #159);
#161 = CARTESIAN_POINT('', (-880., 250., 0.));
#162 = VERTEX_POINT('', #161);
#163 = CARTESIAN_POINT('', (-880., 250., 120.));
#164 = VERTEX_POINT('', #163);
#165 = CARTESIAN_POINT('', (880., -350., 0.));
#166 = VERTEX_POINT('', #165);
#167 = CARTESIAN_POINT('', (880., -250., 0.));
#168 = VERTEX_POINT('', #167);
#169 = CARTESIAN_POINT('', (880., -250., 120.));
#170 = VERTEX_POINT('', #169);
#171 = CARTESIAN_POINT('', (880., -350., 120.));
#172 = VERTEX_POINT('', #171);
#173 = CARTESIAN_POINT('', (-880., -250., 0.));
#174 = VERTEX_POINT('', #173);
#175 = CARTESIAN_POINT('', (-880., -250., 120.));
#176 = VERTEX_POINT('', #175);
#177 = CARTESIAN_POINT('', (-880., -350., 0.));
#178 = VERTEX_POINT('', #177);
#179 = CARTESIAN_POINT('', (-880., -350., 120.));
#180 = VERTEX_POINT('', #179);
#181 = CARTESIAN_POINT('', (1000., -830., 0.));
#182 = VERTEX_POINT('', #181);
#183 = CARTESIAN_POINT('', (1000., 830., 0.));
#184 = VERTEX_POINT('', #183);
#185 = CARTESIAN_POINT('', (1000., 830., 160.));
#186 = VERTEX_POINT('', #185);
#187 = CARTESIAN_POINT('', (1000., -830., 160.));
#188 = VERTEX_POINT('', #187);
#189 = CARTESIAN_POINT('', (880., 830., 0.));
#190 = VERTEX_POINT('', #189);
#191 = CARTESIAN_POINT('', (880., 830., 160.));
#192 = VERTEX_POINT('', #191);
#193 = CARTESIAN_POINT('', (880., -830., 0.));
#194 = VERTEX_POINT('', #193);
#195 = CARTESIAN_POINT('', (880., -830., 160.));
#196 = VERTEX_POINT('', #195);
#197 = CARTESIAN_POINT('', (-880., -830., 0.));
#198 = VERTEX_POINT('', #197);
#199 = CARTESIAN_POINT('', (-880., 830., 0.));
#200 = VERTEX_POINT('', #199);
#201 = CARTESIAN_POINT('', (-880., 830., 160.));
#202 = VERTEX_POINT('', #201);
#203 = CARTESIAN_POINT('', (-880., -830., 160.));
#204 = VERTEX_POINT('', #203);
#205 = CARTESIAN_POINT('', (-1000., 830., 0.));
#206 = VERTEX_POINT('', #205);
#207 = CARTESIAN_POINT('', (-1000., 830., 160.));
#208 = VERTEX_POINT('', #207);
#209 = CARTESIAN_POINT('', (-1000., -830., 0.));
#210 = VERTEX_POINT('', #209);
#211 = CARTESIAN_POINT('', (-1000., -830., 160.));
#212 = VERTEX_POINT('', #211);
#213 = CARTESIAN_POINT('', (1000., 830., 0.));
#214 = VERTEX_POINT('', #213);
#215 = CARTESIAN_POINT('', (1000., 950., 0.));
#216 = VERTEX_POINT('', #215);
#217 = CARTESIAN_POINT('', (1000., 950., 160.));
#218 = VERTEX_POINT('', #217);
#219 = CARTESIAN_POINT('', (1000., 830., 160.));
#220 = VERTEX_POINT('', #219);
#221 = CARTESIAN_POINT('', (-1000., 950., 0.));
#222 = VERTEX_POINT('', #221);
#223 = CARTESIAN_POINT('', (-1000., 950., 160.));
#224 = VERTEX_POINT('', #223);
#225 = CARTESIAN_POINT('', (-1000., 830., 0.));
#226 = VERTEX_POINT('', #225);
#227 = CARTESIAN_POINT('', (-1000., 830., 160.));
#228 = VERTEX_POINT('', #227);
#229 = CARTESIAN_POINT('', (1000., -950., 0.));
#230 = VERTEX_POINT('', #229);
#231 = CARTESIAN_POINT('', (1000., -830., 0.));
#232 = VERTEX_POINT('', #231);
#233 = CARTESIAN_POINT('', (1000., -830., 160.));
#234 = VERTEX_POINT('', #233);
#235 = CARTESIAN_POINT('', (1000., -950., 160.));
#236 = VERTEX_POINT('', #235);
#237 = CARTESIAN_POINT('', (-1000., -830., 0.));
#238 = VERTEX_POINT('', #237);
#239 = CARTESIAN_POINT('', (-1000., -830., 160.));
#240 = VERTEX_POINT('', #239);
#241 = CARTESIAN_POINT('', (-1000., -950., 0.));
#242 = VERTEX_POINT('', #241);
#243 = CARTESIAN_POINT('', (-1000., -950., 160.));
#244 = VERTEX_POINT('', #243);
#245 = CARTESIAN_POINT('', (0.5, -0.5, 0.));
#246 = VERTEX_POINT('', #245);
#247 = CARTESIAN_POINT('', (0.5, 0.5, 0.));
#248 = VERTEX_POINT('', #247);
#249 = CARTESIAN_POINT('', (0.5, 0.5, 1.));
#250 = VERTEX_POINT('', #249);
#251 = CARTESIAN_POINT('', (0.5, -0.5, 1.));
#252 = VERTEX_POINT('', #251);
#253 = CARTESIAN_POINT('', (-0.5, 0.5, 0.));
#254 = VERTEX_POINT('', #253);
#255 = CARTESIAN_POINT('', (-0.5, 0.5, 1.));
#256 = VERTEX_POINT('', #255);
#257 = CARTESIAN_POINT('', (-0.5, -0.5, 0.));
#258 = VERTEX_POINT('', #257);
#259 = CARTESIAN_POINT('', (-0.5, -0.5, 1.));
#260 = VERTEX_POINT('', #259);
#261 = DIRECTION('', (0., 1., 0.));
#262 = VECTOR('', #261, 1.);
#263 = CARTESIAN_POINT('', (-740., 616., 1540.));
#264 = LINE('', #263, #262);
#265 = DIRECTION('', (0., -0., 1.));
#266 = VECTOR('', #265, 1.);
#267 = CARTESIAN_POINT('', (-740., 630., 1540.));
#268 = LINE('', #267, #266);
#269 = DIRECTION('', (0., 1., 0.));
#270 = VECTOR('', #269, 1.);
#271 = CARTESIAN_POINT('', (-740., 616., 1860.));
#272 = LINE('', #271, #270);
#273 = DIRECTION('', (0., -0., 1.));
#274 = VECTOR('', #273, 1.);
#275 = CARTESIAN_POINT('', (-740., 616., 1540.));
#276 = LINE('', #275, #274);
#277 = DIRECTION('', (-1., -0., 0.));
#278 = VECTOR('', #277, 1.);
#279 = CARTESIAN_POINT('', (-740., 630., 1540.));
#280 = LINE('', #279, #278);
#281 = DIRECTION('', (0., -0., 1.));
#282 = VECTOR('', #281, 1.);
#283 = CARTESIAN_POINT('', (-980., 630., 1540.));
#284 = LINE('', #283, #282);
#285 = DIRECTION('', (-1., -0., 0.));
#286 = VECTOR('', #285, 1.);
#287 = CARTESIAN_POINT('', (-740., 630., 1860.));
#288 = LINE('', #287, #286);
#289 = DIRECTION('', (0., -1., 0.));
#290 = VECTOR('', #289, 1.);
#291 = CARTESIAN_POINT('', (-980., 630., 1540.));
#292 = LINE('', #291, #290);
#293 = DIRECTION('', (0., -0., 1.));
#294 = VECTOR('', #293, 1.);
#295 = CARTESIAN_POINT('', (-980., 616., 1540.));
#296 = LINE('', #295, #294);
#297 = DIRECTION('', (0., -1., 0.));
#298 = VECTOR('', #297, 1.);
#299 = CARTESIAN_POINT('', (-980., 630., 1860.));
#300 = LINE('', #299, #298);
#301 = DIRECTION('', (1., -0., 0.));
#302 = VECTOR('', #301, 1.);
#303 = CARTESIAN_POINT('', (-980., 616., 1540.));
#304 = LINE('', #303, #302);
#305 = DIRECTION('', (1., -0., 0.));
#306 = VECTOR('', #305, 1.);
#307 = CARTESIAN_POINT('', (-980., 616., 1860.));
#308 = LINE('', #307, #306);
#309 = DIRECTION('', (0., 1., 0.));
#310 = VECTOR('', #309, 1.);
#311 = CARTESIAN_POINT('', (-720., 630., 1520.));
#312 = LINE('', #311, #310);
#313 = DIRECTION('', (0., -0., 1.));
#314 = VECTOR('', #313, 1.);
#315 = CARTESIAN_POINT('', (-720., 770., 1520.));
#316 = LINE('', #315, #314);
#317 = DIRECTION('', (0., 1., 0.));
#318 = VECTOR('', #317, 1.);
#319 = CARTESIAN_POINT('', (-720., 630., 1880.));
#320 = LINE('', #319, #318);
#321 = DIRECTION('', (0., -0., 1.));
#322 = VECTOR('', #321, 1.);
#323 = CARTESIAN_POINT('', (-720., 630., 1520.));
#324 = LINE('', #323, #322);
#325 = DIRECTION('', (-1., -0., 0.));
#326 = VECTOR('', #325, 1.);
#327 = CARTESIAN_POINT('', (-720., 770., 1520.));
#328 = LINE('', #327, #326);
#329 = DIRECTION('', (0., -0., 1.));
#330 = VECTOR('', #329, 1.);
#331 = CARTESIAN_POINT('', (-1000., 770., 1520.));
#332 = LINE('', #331, #330);
#333 = DIRECTION('', (-1., -0., 0.));
#334 = VECTOR('', #333, 1.);
#335 = CARTESIAN_POINT('', (-720., 770., 1880.));
#336 = LINE('', #335, #334);
#337 = DIRECTION('', (0., -1., 0.));
#338 = VECTOR('', #337, 1.);
#339 = CARTESIAN_POINT('', (-1000., 770., 1520.));
#340 = LINE('', #339, #338);
#341 = DIRECTION('', (0., -0., 1.));
#342 = VECTOR('', #341, 1.);
#343 = CARTESIAN_POINT('', (-1000., 630., 1520.));
#344 = LINE('', #343, #342);
#345 = DIRECTION('', (0., -1., 0.));
#346 = VECTOR('', #345, 1.);
#347 = CARTESIAN_POINT('', (-1000., 770., 1880.));
#348 = LINE('', #347, #346);
#349 = DIRECTION('', (1., -0., 0.));
#350 = VECTOR('', #349, 1.);
#351 = CARTESIAN_POINT('', (-1000., 630., 1520.));
#352 = LINE('', #351, #350);
#353 = DIRECTION('', (1., -0., 0.));
#354 = VECTOR('', #353, 1.);
#355 = CARTESIAN_POINT('', (-1000., 630., 1880.));
#356 = LINE('', #355, #354);
#357 = DIRECTION('', (0., 1., 0.));
#358 = VECTOR('', #357, 1.);
#359 = CARTESIAN_POINT('', (-280., 265., 160.));
#360 = LINE('', #359, #358);
#361 = DIRECTION('', (0., -0., 1.));
#362 = VECTOR('', #361, 1.);
#363 = CARTESIAN_POINT('', (-280., 685., 160.));
#364 = LINE('', #363, #362);
#365 = DIRECTION('', (0., 1., 0.));
#366 = VECTOR('', #365, 1.);
#367 = CARTESIAN_POINT('', (-280., 265., 240.));
#368 = LINE('', #367, #366);
#369 = DIRECTION('', (0., -0., 1.));
#370 = VECTOR('', #369, 1.);
#371 = CARTESIAN_POINT('', (-280., 265., 160.));
#372 = LINE('', #371, #370);
#373 = DIRECTION('', (-1., -0., 0.));
#374 = VECTOR('', #373, 1.);
#375 = CARTESIAN_POINT('', (-280., 685., 160.));
#376 = LINE('', #375, #374);
#377 = DIRECTION('', (0., -0., 1.));
#378 = VECTOR('', #377, 1.);
#379 = CARTESIAN_POINT('', (-720., 685., 160.));
#380 = LINE('', #379, #378);
#381 = DIRECTION('', (-1., -0., 0.));
#382 = VECTOR('', #381, 1.);
#383 = CARTESIAN_POINT('', (-280., 685., 240.));
#384 = LINE('', #383, #382);
#385 = DIRECTION('', (0., -1., 0.));
#386 = VECTOR('', #385, 1.);
#387 = CARTESIAN_POINT('', (-720., 685., 160.));
#388 = LINE('', #387, #386);
#389 = DIRECTION('', (0., -0., 1.));
#390 = VECTOR('', #389, 1.);
#391 = CARTESIAN_POINT('', (-720., 265., 160.));
#392 = LINE('', #391, #390);
#393 = DIRECTION('', (0., -1., 0.));
#394 = VECTOR('', #393, 1.);
#395 = CARTESIAN_POINT('', (-720., 685., 240.));
#396 = LINE('', #395, #394);
#397 = DIRECTION('', (1., -0., 0.));
#398 = VECTOR('', #397, 1.);
#399 = CARTESIAN_POINT('', (-720., 265., 160.));
#400 = LINE('', #399, #398);
#401 = DIRECTION('', (1., -0., 0.));
#402 = VECTOR('', #401, 1.);
#403 = CARTESIAN_POINT('', (-720., 265., 240.));
#404 = LINE('', #403, #402);
#405 = DIRECTION('', (0., 1., 0.));
#406 = VECTOR('', #405, 1.);
#407 = CARTESIAN_POINT('', (-270., 205., 230.));
#408 = LINE('', #407, #406);
#409 = DIRECTION('', (0., -0., 1.));
#410 = VECTOR('', #409, 1.);
#411 = CARTESIAN_POINT('', (-270., 225., 230.));
#412 = LINE('', #411, #410);
#413 = DIRECTION('', (0., 1., 0.));
#414 = VECTOR('', #413, 1.);
#415 = CARTESIAN_POINT('', (-270., 205., 1450.));
#416 = LINE('', #415, #414);
#417 = DIRECTION('', (0., -0., 1.));
#418 = VECTOR('', #417, 1.);
#419 = CARTESIAN_POINT('', (-270., 205., 230.));
#420 = LINE('', #419, #418);
#421 = DIRECTION('', (-1., -0., 0.));
#422 = VECTOR('', #421, 1.);
#423 = CARTESIAN_POINT('', (-270., 225., 230.));
#424 = LINE('', #423, #422);
#425 = DIRECTION('', (0., -0., 1.));
#426 = VECTOR('', #425, 1.);
#427 = CARTESIAN_POINT('', (-730., 225., 230.));
#428 = LINE('', #427, #426);
#429 = DIRECTION('', (-1., -0., 0.));
#430 = VECTOR('', #429, 1.);
#431 = CARTESIAN_POINT('', (-270., 225., 1450.));
#432 = LINE('', #431, #430);
#433 = DIRECTION('', (0., -1., 0.));
#434 = VECTOR('', #433, 1.);
#435 = CARTESIAN_POINT('', (-730., 225., 230.));
#436 = LINE('', #435, #434);
#437 = DIRECTION('', (0., -0., 1.));
#438 = VECTOR('', #437, 1.);
#439 = CARTESIAN_POINT('', (-730., 205., 230.));
#440 = LINE('', #439, #438);
#441 = DIRECTION('', (0., -1., 0.));
#442 = VECTOR('', #441, 1.);
#443 = CARTESIAN_POINT('', (-730., 225., 1450.));
#444 = LINE('', #443, #442);
#445 = DIRECTION('', (1., -0., 0.));
#446 = VECTOR('', #445, 1.);
#447 = CARTESIAN_POINT('', (-730., 205., 230.));
#448 = LINE('', #447, #446);
#449 = DIRECTION('', (1., -0., 0.));
#450 = VECTOR('', #449, 1.);
#451 = CARTESIAN_POINT('', (-730., 205., 1450.));
#452 = LINE('', #451, #450);
#453 = DIRECTION('', (0., 1., 0.));
#454 = VECTOR('', #453, 1.);
#455 = CARTESIAN_POINT('', (-240., 225., 160.));
#456 = LINE('', #455, #454);
#457 = DIRECTION('', (0., -0., 1.));
#458 = VECTOR('', #457, 1.);
#459 = CARTESIAN_POINT('', (-240., 725., 160.));
#460 = LINE('', #459, #458);
#461 = DIRECTION('', (0., 1., 0.));
#462 = VECTOR('', #461, 1.);
#463 = CARTESIAN_POINT('', (-240., 225., 1500.));
#464 = LINE('', #463, #462);
#465 = DIRECTION('', (0., -0., 1.));
#466 = VECTOR('', #465, 1.);
#467 = CARTESIAN_POINT('', (-240., 225., 160.));
#468 = LINE('', #467, #466);
#469 = DIRECTION('', (-1., -0., 0.));
#470 = VECTOR('', #469, 1.);
#471 = CARTESIAN_POINT('', (-240., 725., 160.));
#472 = LINE('', #471, #470);
#473 = DIRECTION('', (0., -0., 1.));
#474 = VECTOR('', #473, 1.);
#475 = CARTESIAN_POINT('', (-760., 725., 160.));
#476 = LINE('', #475, #474);
#477 = DIRECTION('', (-1., -0., 0.));
#478 = VECTOR('', #477, 1.);
#479 = CARTESIAN_POINT('', (-240., 725., 1500.));
#480 = LINE('', #479, #478);
#481 = DIRECTION('', (0., -1., 0.));
#482 = VECTOR('', #481, 1.);
#483 = CARTESIAN_POINT('', (-760., 725., 160.));
#484 = LINE('', #483, #482);
#485 = DIRECTION('', (0., -0., 1.));
#486 = VECTOR('', #485, 1.);
#487 = CARTESIAN_POINT('', (-760., 225., 160.));
#488 = LINE('', #487, #486);
#489 = DIRECTION('', (0., -1., 0.));
#490 = VECTOR('', #489, 1.);
#491 = CARTESIAN_POINT('', (-760., 725., 1500.));
#492 = LINE('', #491, #490);
#493 = DIRECTION('', (1., -0., 0.));
#494 = VECTOR('', #493, 1.);
#495 = CARTESIAN_POINT('', (-760., 225., 160.));
#496 = LINE('', #495, #494);
#497 = DIRECTION('', (1., -0., 0.));
#498 = VECTOR('', #497, 1.);
#499 = CARTESIAN_POINT('', (-760., 225., 1500.));
#500 = LINE('', #499, #498);
#501 = DIRECTION('', (0., 1., 0.));
#502 = VECTOR('', #501, 1.);
#503 = CARTESIAN_POINT('', (348.74584073, 810., 198.8715225));
#504 = LINE('', #503, #502);
#505 = DIRECTION('', (0.22256955, -0., 0.97491681));
#506 = VECTOR('', #505, 1.);
#507 = CARTESIAN_POINT('', (348.74584073, 910., 198.8715225));
#508 = LINE('', #507, #506);
#509 = DIRECTION('', (0., 1., 0.));
#510 = VECTOR('', #509, 1.);
#511 = CARTESIAN_POINT('', (958.31932419, 810., 2868.97369438));
#512 = LINE('', #511, #510);
#513 = DIRECTION('', (0.22256955, -0., 0.97491681));
#514 = VECTOR('', #513, 1.);
#515 = CARTESIAN_POINT('', (348.74584073, 810., 198.8715225));
#516 = LINE('', #515, #514);
#517 = DIRECTION('', (-0.97491681, -0., 0.22256955));
#518 = VECTOR('', #517, 1.);
#519 = CARTESIAN_POINT('', (348.74584073, 910., 198.8715225));
#520 = LINE('', #519, #518);
#521 = DIRECTION('', (0.22256955, -0., 0.97491681));
#522 = VECTOR('', #521, 1.);
#523 = CARTESIAN_POINT('', (251.25415927, 910., 221.1284775));
#524 = LINE('', #523, #522);
#525 = DIRECTION('', (-0.97491681, -0., 0.22256955));
#526 = VECTOR('', #525, 1.);
#527 = CARTESIAN_POINT('', (958.31932419, 910., 2868.97369438));
#528 = LINE('', #527, #526);
#529 = DIRECTION('', (0., -1., 0.));
#530 = VECTOR('', #529, 1.);
#531 = CARTESIAN_POINT('', (251.25415927, 910., 221.1284775));
#532 = LINE('', #531, #530);
#533 = DIRECTION('', (0.22256955, -0., 0.97491681));
#534 = VECTOR('', #533, 1.);
#535 = CARTESIAN_POINT('', (251.25415927, 810., 221.1284775));
#536 = LINE('', #535, #534);
#537 = DIRECTION('', (0., -1., 0.));
#538 = VECTOR('', #537, 1.);
#539 = CARTESIAN_POINT('', (860.82764273, 910., 2891.23064938));
#540 = LINE('', #539, #538);
#541 = DIRECTION('', (0.97491681, -0., -0.22256955));
#542 = VECTOR('', #541, 1.);
#543 = CARTESIAN_POINT('', (251.25415927, 810., 221.1284775));
#544 = LINE('', #543, #542);
#545 = DIRECTION('', (0.97491681, -0., -0.22256955));
#546 = VECTOR('', #545, 1.);
#547 = CARTESIAN_POINT('', (860.82764273, 810., 2891.23064938));
#548 = LINE('', #547, #546);
#549 = DIRECTION('', (0., 1., 0.));
#550 = VECTOR('', #549, 1.);
#551 = CARTESIAN_POINT('', (1000., 770., 2880.));
#552 = LINE('', #551, #550);
#553 = DIRECTION('', (0., -0., 1.));
#554 = VECTOR('', #553, 1.);
#555 = CARTESIAN_POINT('', (1000., 950., 2880.));
#556 = LINE('', #555, #554);
#557 = DIRECTION('', (0., 1., 0.));
#558 = VECTOR('', #557, 1.);
#559 = CARTESIAN_POINT('', (1000., 770., 3100.));
#560 = LINE('', #559, #558);
#561 = DIRECTION('', (0., -0., 1.));
#562 = VECTOR('', #561, 1.);
#563 = CARTESIAN_POINT('', (1000., 770., 2880.));
#564 = LINE('', #563, #562);
#565 = DIRECTION('', (-1., -0., 0.));
#566 = VECTOR('', #565, 1.);
#567 = CARTESIAN_POINT('', (1000., 950., 2880.));
#568 = LINE('', #567, #566);
#569 = DIRECTION('', (0., -0., 1.));
#570 = VECTOR('', #569, 1.);
#571 = CARTESIAN_POINT('', (-1000., 950., 2880.));
#572 = LINE('', #571, #570);
#573 = DIRECTION('', (-1., -0., 0.));
#574 = VECTOR('', #573, 1.);
#575 = CARTESIAN_POINT('', (1000., 950., 3100.));
#576 = LINE('', #575, #574);
#577 = DIRECTION('', (0., -1., 0.));
#578 = VECTOR('', #577, 1.);
#579 = CARTESIAN_POINT('', (-1000., 950., 2880.));
#580 = LINE('', #579, #578);
#581 = DIRECTION('', (0., -0., 1.));
#582 = VECTOR('', #581, 1.);
#583 = CARTESIAN_POINT('', (-1000., 770., 2880.));
#584 = LINE('', #583, #582);
#585 = DIRECTION('', (0., -1., 0.));
#586 = VECTOR('', #585, 1.);
#587 = CARTESIAN_POINT('', (-1000., 950., 3100.));
#588 = LINE('', #587, #586);
#589 = DIRECTION('', (1., -0., 0.));
#590 = VECTOR('', #589, 1.);
#591 = CARTESIAN_POINT('', (-1000., 770., 2880.));
#592 = LINE('', #591, #590);
#593 = DIRECTION('', (1., -0., 0.));
#594 = VECTOR('', #593, 1.);
#595 = CARTESIAN_POINT('', (-1000., 770., 3100.));
#596 = LINE('', #595, #594);
#597 = DIRECTION('', (0., 1., 0.));
#598 = VECTOR('', #597, 1.);
#599 = CARTESIAN_POINT('', (-820., 770., 160.));
#600 = LINE('', #599, #598);
#601 = DIRECTION('', (0., -0., 1.));
#602 = VECTOR('', #601, 1.);
#603 = CARTESIAN_POINT('', (-820., 950., 160.));
#604 = LINE('', #603, #602);
#605 = DIRECTION('', (0., 1., 0.));
#606 = VECTOR('', #605, 1.);
#607 = CARTESIAN_POINT('', (-820., 770., 3100.));
#608 = LINE('', #607, #606);
#609 = DIRECTION('', (0., -0., 1.));
#610 = VECTOR('', #609, 1.);
#611 = CARTESIAN_POINT('', (-820., 770., 160.));
#612 = LINE('', #611, #610);
#613 = DIRECTION('', (-1., -0., 0.));
#614 = VECTOR('', #613, 1.);
#615 = CARTESIAN_POINT('', (-820., 950., 160.));
#616 = LINE('', #615, #614);
#617 = DIRECTION('', (0., -0., 1.));
#618 = VECTOR('', #617, 1.);
#619 = CARTESIAN_POINT('', (-1000., 950., 160.));
#620 = LINE('', #619, #618);
#621 = DIRECTION('', (-1., -0., 0.));
#622 = VECTOR('', #621, 1.);
#623 = CARTESIAN_POINT('', (-820., 950., 3100.));
#624 = LINE('', #623, #622);
#625 = DIRECTION('', (0., -1., 0.));
#626 = VECTOR('', #625, 1.);
#627 = CARTESIAN_POINT('', (-1000., 950., 160.));
#628 = LINE('', #627, #626);
#629 = DIRECTION('', (0., -0., 1.));
#630 = VECTOR('', #629, 1.);
#631 = CARTESIAN_POINT('', (-1000., 770., 160.));
#632 = LINE('', #631, #630);
#633 = DIRECTION('', (0., -1., 0.));
#634 = VECTOR('', #633, 1.);
#635 = CARTESIAN_POINT('', (-1000., 950., 3100.));
#636 = LINE('', #635, #634);
#637 = DIRECTION('', (1., -0., 0.));
#638 = VECTOR('', #637, 1.);
#639 = CARTESIAN_POINT('', (-1000., 770., 160.));
#640 = LINE('', #639, #638);
#641 = DIRECTION('', (1., -0., 0.));
#642 = VECTOR('', #641, 1.);
#643 = CARTESIAN_POINT('', (-1000., 770., 3100.));
#644 = LINE('', #643, #642);
#645 = DIRECTION('', (0., 1., 0.));
#646 = VECTOR('', #645, 1.);
#647 = CARTESIAN_POINT('', (50., -830., 0.));
#648 = LINE('', #647, #646);
#649 = DIRECTION('', (0., -0., 1.));
#650 = VECTOR('', #649, 1.);
#651 = CARTESIAN_POINT('', (50., 830., 0.));
#652 = LINE('', #651, #650);
#653 = DIRECTION('', (0., 1., 0.));
#654 = VECTOR('', #653, 1.);
#655 = CARTESIAN_POINT('', (50., -830., 120.));
#656 = LINE('', #655, #654);
#657 = DIRECTION('', (0., -0., 1.));
#658 = VECTOR('', #657, 1.);
#659 = CARTESIAN_POINT('', (50., -830., 0.));
#660 = LINE('', #659, #658);
#661 = DIRECTION('', (-1., -0., 0.));
#662 = VECTOR('', #661, 1.);
#663 = CARTESIAN_POINT('', (50., 830., 0.));
#664 = LINE('', #663, #662);
#665 = DIRECTION('', (0., -0., 1.));
#666 = VECTOR('', #665, 1.);
#667 = CARTESIAN_POINT('', (-50., 830., 0.));
#668 = LINE('', #667, #666);
#669 = DIRECTION('', (-1., -0., 0.));
#670 = VECTOR('', #669, 1.);
#671 = CARTESIAN_POINT('', (50., 830., 120.));
#672 = LINE('', #671, #670);
#673 = DIRECTION('', (0., -1., 0.));
#674 = VECTOR('', #673, 1.);
#675 = CARTESIAN_POINT('', (-50., 830., 0.));
#676 = LINE('', #675, #674);
#677 = DIRECTION('', (0., -0., 1.));
#678 = VECTOR('', #677, 1.);
#679 = CARTESIAN_POINT('', (-50., -830., 0.));
#680 = LINE('', #679, #678);
#681 = DIRECTION('', (0., -1., 0.));
#682 = VECTOR('', #681, 1.);
#683 = CARTESIAN_POINT('', (-50., 830., 120.));
#684 = LINE('', #683, #682);
#685 = DIRECTION('', (1., -0., 0.));
#686 = VECTOR('', #685, 1.);
#687 = CARTESIAN_POINT('', (-50., -830., 0.));
#688 = LINE('', #687, #686);
#689 = DIRECTION('', (1., -0., 0.));
#690 = VECTOR('', #689, 1.);
#691 = CARTESIAN_POINT('', (-50., -830., 120.));
#692 = LINE('', #691, #690);
#693 = DIRECTION('', (0., 1., 0.));
#694 = VECTOR('', #693, 1.);
#695 = CARTESIAN_POINT('', (880., 250., 0.));
#696 = LINE('', #695, #694);
#697 = DIRECTION('', (0., -0., 1.));
#698 = VECTOR('', #697, 1.);
#699 = CARTESIAN_POINT('', (880., 350., 0.));
#700 = LINE('', #699, #698);
#701 = DIRECTION('', (0., 1., 0.));
#702 = VECTOR('', #701, 1.);
#703 = CARTESIAN_POINT('', (880., 250., 120.));
#704 = LINE('', #703, #702);
#705 = DIRECTION('', (0., -0., 1.));
#706 = VECTOR('', #705, 1.);
#707 = CARTESIAN_POINT('', (880., 250., 0.));
#708 = LINE('', #707, #706);
#709 = DIRECTION('', (-1., -0., 0.));
#710 = VECTOR('', #709, 1.);
#711 = CARTESIAN_POINT('', (880., 350., 0.));
#712 = LINE('', #711, #710);
#713 = DIRECTION('', (0., -0., 1.));
#714 = VECTOR('', #713, 1.);
#715 = CARTESIAN_POINT('', (-880., 350., 0.));
#716 = LINE('', #715, #714);
#717 = DIRECTION('', (-1., -0., 0.));
#718 = VECTOR('', #717, 1.);
#719 = CARTESIAN_POINT('', (880., 350., 120.));
#720 = LINE('', #719, #718);
#721 = DIRECTION('', (0., -1., 0.));
#722 = VECTOR('', #721, 1.);
#723 = CARTESIAN_POINT('', (-880., 350., 0.));
#724 = LINE('', #723, #722);
#725 = DIRECTION('', (0., -0., 1.));
#726 = VECTOR('', #725, 1.);
#727 = CARTESIAN_POINT('', (-880., 250., 0.));
#728 = LINE('', #727, #726);
#729 = DIRECTION('', (0., -1., 0.));
#730 = VECTOR('', #729, 1.);
#731 = CARTESIAN_POINT('', (-880., 350., 120.));
#732 = LINE('', #731, #730);
#733 = DIRECTION('', (1., -0., 0.));
#734 = VECTOR('', #733, 1.);
#735 = CARTESIAN_POINT('', (-880., 250., 0.));
#736 = LINE('', #735, #734);
#737 = DIRECTION('', (1., -0., 0.));
#738 = VECTOR('', #737, 1.);
#739 = CARTESIAN_POINT('', (-880., 250., 120.));
#740 = LINE('', #739, #738);
#741 = DIRECTION('', (0., 1., 0.));
#742 = VECTOR('', #741, 1.);
#743 = CARTESIAN_POINT('', (880., -350., 0.));
#744 = LINE('', #743, #742);
#745 = DIRECTION('', (0., -0., 1.));
#746 = VECTOR('', #745, 1.);
#747 = CARTESIAN_POINT('', (880., -250., 0.));
#748 = LINE('', #747, #746);
#749 = DIRECTION('', (0., 1., 0.));
#750 = VECTOR('', #749, 1.);
#751 = CARTESIAN_POINT('', (880., -350., 120.));
#752 = LINE('', #751, #750);
#753 = DIRECTION('', (0., -0., 1.));
#754 = VECTOR('', #753, 1.);
#755 = CARTESIAN_POINT('', (880., -350., 0.));
#756 = LINE('', #755, #754);
#757 = DIRECTION('', (-1., -0., 0.));
#758 = VECTOR('', #757, 1.);
#759 = CARTESIAN_POINT('', (880., -250., 0.));
#760 = LINE('', #759, #758);
#761 = DIRECTION('', (0., -0., 1.));
#762 = VECTOR('', #761, 1.);
#763 = CARTESIAN_POINT('', (-880., -250., 0.));
#764 = LINE('', #763, #762);
#765 = DIRECTION('', (-1., -0., 0.));
#766 = VECTOR('', #765, 1.);
#767 = CARTESIAN_POINT('', (880., -250., 120.));
#768 = LINE('', #767, #766);
#769 = DIRECTION('', (0., -1., 0.));
#770 = VECTOR('', #769, 1.);
#771 = CARTESIAN_POINT('', (-880., -250., 0.));
#772 = LINE('', #771, #770);
#773 = DIRECTION('', (0., -0., 1.));
#774 = VECTOR('', #773, 1.);
#775 = CARTESIAN_POINT('', (-880., -350., 0.));
#776 = LINE('', #775, #774);
#777 = DIRECTION('', (0., -1., 0.));
#778 = VECTOR('', #777, 1.);
#779 = CARTESIAN_POINT('', (-880., -250., 120.));
#780 = LINE('', #779, #778);
#781 = DIRECTION('', (1., -0., 0.));
#782 = VECTOR('', #781, 1.);
#783 = CARTESIAN_POINT('', (-880., -350., 0.));
#784 = LINE('', #783, #782);
#785 = DIRECTION('', (1., -0., 0.));
#786 = VECTOR('', #785, 1.);
#787 = CARTESIAN_POINT('', (-880., -350., 120.));
#788 = LINE('', #787, #786);
#789 = DIRECTION('', (0., 1., 0.));
#790 = VECTOR('', #789, 1.);
#791 = CARTESIAN_POINT('', (1000., -830., 0.));
#792 = LINE('', #791, #790);
#793 = DIRECTION('', (0., -0., 1.));
#794 = VECTOR('', #793, 1.);
#795 = CARTESIAN_POINT('', (1000., 830., 0.));
#796 = LINE('', #795, #794);
#797 = DIRECTION('', (0., 1., 0.));
#798 = VECTOR('', #797, 1.);
#799 = CARTESIAN_POINT('', (1000., -830., 160.));
#800 = LINE('', #799, #798);
#801 = DIRECTION('', (0., -0., 1.));
#802 = VECTOR('', #801, 1.);
#803 = CARTESIAN_POINT('', (1000., -830., 0.));
#804 = LINE('', #803, #802);
#805 = DIRECTION('', (-1., -0., 0.));
#806 = VECTOR('', #805, 1.);
#807 = CARTESIAN_POINT('', (1000., 830., 0.));
#808 = LINE('', #807, #806);
#809 = DIRECTION('', (0., -0., 1.));
#810 = VECTOR('', #809, 1.);
#811 = CARTESIAN_POINT('', (880., 830., 0.));
#812 = LINE('', #811, #810);
#813 = DIRECTION('', (-1., -0., 0.));
#814 = VECTOR('', #813, 1.);
#815 = CARTESIAN_POINT('', (1000., 830., 160.));
#816 = LINE('', #815, #814);
#817 = DIRECTION('', (0., -1., 0.));
#818 = VECTOR('', #817, 1.);
#819 = CARTESIAN_POINT('', (880., 830., 0.));
#820 = LINE('', #819, #818);
#821 = DIRECTION('', (0., -0., 1.));
#822 = VECTOR('', #821, 1.);
#823 = CARTESIAN_POINT('', (880., -830., 0.));
#824 = LINE('', #823, #822);
#825 = DIRECTION('', (0., -1., 0.));
#826 = VECTOR('', #825, 1.);
#827 = CARTESIAN_POINT('', (880., 830., 160.));
#828 = LINE('', #827, #826);
#829 = DIRECTION('', (1., -0., 0.));
#830 = VECTOR('', #829, 1.);
#831 = CARTESIAN_POINT('', (880., -830., 0.));
#832 = LINE('', #831, #830);
#833 = DIRECTION('', (1., -0., 0.));
#834 = VECTOR('', #833, 1.);
#835 = CARTESIAN_POINT('', (880., -830., 160.));
#836 = LINE('', #835, #834);
#837 = DIRECTION('', (0., 1., 0.));
#838 = VECTOR('', #837, 1.);
#839 = CARTESIAN_POINT('', (-880., -830., 0.));
#840 = LINE('', #839, #838);
#841 = DIRECTION('', (0., -0., 1.));
#842 = VECTOR('', #841, 1.);
#843 = CARTESIAN_POINT('', (-880., 830., 0.));
#844 = LINE('', #843, #842);
#845 = DIRECTION('', (0., 1., 0.));
#846 = VECTOR('', #845, 1.);
#847 = CARTESIAN_POINT('', (-880., -830., 160.));
#848 = LINE('', #847, #846);
#849 = DIRECTION('', (0., -0., 1.));
#850 = VECTOR('', #849, 1.);
#851 = CARTESIAN_POINT('', (-880., -830., 0.));
#852 = LINE('', #851, #850);
#853 = DIRECTION('', (-1., -0., 0.));
#854 = VECTOR('', #853, 1.);
#855 = CARTESIAN_POINT('', (-880., 830., 0.));
#856 = LINE('', #855, #854);
#857 = DIRECTION('', (0., -0., 1.));
#858 = VECTOR('', #857, 1.);
#859 = CARTESIAN_POINT('', (-1000., 830., 0.));
#860 = LINE('', #859, #858);
#861 = DIRECTION('', (-1., -0., 0.));
#862 = VECTOR('', #861, 1.);
#863 = CARTESIAN_POINT('', (-880., 830., 160.));
#864 = LINE('', #863, #862);
#865 = DIRECTION('', (0., -1., 0.));
#866 = VECTOR('', #865, 1.);
#867 = CARTESIAN_POINT('', (-1000., 830., 0.));
#868 = LINE('', #867, #866);
#869 = DIRECTION('', (0., -0., 1.));
#870 = VECTOR('', #869, 1.);
#871 = CARTESIAN_POINT('', (-1000., -830., 0.));
#872 = LINE('', #871, #870);
#873 = DIRECTION('', (0., -1., 0.));
#874 = VECTOR('', #873, 1.);
#875 = CARTESIAN_POINT('', (-1000., 830., 160.));
#876 = LINE('', #875, #874);
#877 = DIRECTION('', (1., -0., 0.));
#878 = VECTOR('', #877, 1.);
#879 = CARTESIAN_POINT('', (-1000., -830., 0.));
#880 = LINE('', #879, #878);
#881 = DIRECTION('', (1., -0., 0.));
#882 = VECTOR('', #881, 1.);
#883 = CARTESIAN_POINT('', (-1000., -830., 160.));
#884 = LINE('', #883, #882);
#885 = DIRECTION('', (0., 1., 0.));
#886 = VECTOR('', #885, 1.);
#887 = CARTESIAN_POINT('', (1000., 830., 0.));
#888 = LINE('', #887, #886);
#889 = DIRECTION('', (0., -0., 1.));
#890 = VECTOR('', #889, 1.);
#891 = CARTESIAN_POINT('', (1000., 950., 0.));
#892 = LINE('', #891, #890);
#893 = DIRECTION('', (0., 1., 0.));
#894 = VECTOR('', #893, 1.);
#895 = CARTESIAN_POINT('', (1000., 830., 160.));
#896 = LINE('', #895, #894);
#897 = DIRECTION('', (0., -0., 1.));
#898 = VECTOR('', #897, 1.);
#899 = CARTESIAN_POINT('', (1000., 830., 0.));
#900 = LINE('', #899, #898);
#901 = DIRECTION('', (-1., -0., 0.));
#902 = VECTOR('', #901, 1.);
#903 = CARTESIAN_POINT('', (1000., 950., 0.));
#904 = LINE('', #903, #902);
#905 = DIRECTION('', (0., -0., 1.));
#906 = VECTOR('', #905, 1.);
#907 = CARTESIAN_POINT('', (-1000., 950., 0.));
#908 = LINE('', #907, #906);
#909 = DIRECTION('', (-1., -0., 0.));
#910 = VECTOR('', #909, 1.);
#911 = CARTESIAN_POINT('', (1000., 950., 160.));
#912 = LINE('', #911, #910);
#913 = DIRECTION('', (0., -1., 0.));
#914 = VECTOR('', #913, 1.);
#915 = CARTESIAN_POINT('', (-1000., 950., 0.));
#916 = LINE('', #915, #914);
#917 = DIRECTION('', (0., -0., 1.));
#918 = VECTOR('', #917, 1.);
#919 = CARTESIAN_POINT('', (-1000., 830., 0.));
#920 = LINE('', #919, #918);
#921 = DIRECTION('', (0., -1., 0.));
#922 = VECTOR('', #921, 1.);
#923 = CARTESIAN_POINT('', (-1000., 950., 160.));
#924 = LINE('', #923, #922);
#925 = DIRECTION('', (1., -0., 0.));
#926 = VECTOR('', #925, 1.);
#927 = CARTESIAN_POINT('', (-1000., 830., 0.));
#928 = LINE('', #927, #926);
#929 = DIRECTION('', (1., -0., 0.));
#930 = VECTOR('', #929, 1.);
#931 = CARTESIAN_POINT('', (-1000., 830., 160.));
#932 = LINE('', #931, #930);
#933 = DIRECTION('', (0., 1., 0.));
#934 = VECTOR('', #933, 1.);
#935 = CARTESIAN_POINT('', (1000., -950., 0.));
#936 = LINE('', #935, #934);
#937 = DIRECTION('', (0., -0., 1.));
#938 = VECTOR('', #937, 1.);
#939 = CARTESIAN_POINT('', (1000., -830., 0.));
#940 = LINE('', #939, #938);
#941 = DIRECTION('', (0., 1., 0.));
#942 = VECTOR('', #941, 1.);
#943 = CARTESIAN_POINT('', (1000., -950., 160.));
#944 = LINE('', #943, #942);
#945 = DIRECTION('', (0., -0., 1.));
#946 = VECTOR('', #945, 1.);
#947 = CARTESIAN_POINT('', (1000., -950., 0.));
#948 = LINE('', #947, #946);
#949 = DIRECTION('', (-1., -0., 0.));
#950 = VECTOR('', #949, 1.);
#951 = CARTESIAN_POINT('', (1000., -830., 0.));
#952 = LINE('', #951, #950);
#953 = DIRECTION('', (0., -0., 1.));
#954 = VECTOR('', #953, 1.);
#955 = CARTESIAN_POINT('', (-1000., -830., 0.));
#956 = LINE('', #955, #954);
#957 = DIRECTION('', (-1., -0., 0.));
#958 = VECTOR('', #957, 1.);
#959 = CARTESIAN_POINT('', (1000., -830., 160.));
#960 = LINE('', #959, #958);
#961 = DIRECTION('', (0., -1., 0.));
#962 = VECTOR('', #961, 1.);
#963 = CARTESIAN_POINT('', (-1000., -830., 0.));
#964 = LINE('', #963, #962);
#965 = DIRECTION('', (0., -0., 1.));
#966 = VECTOR('', #965, 1.);
#967 = CARTESIAN_POINT('', (-1000., -950., 0.));
#968 = LINE('', #967, #966);
#969 = DIRECTION('', (0., -1., 0.));
#970 = VECTOR('', #969, 1.);
#971 = CARTESIAN_POINT('', (-1000., -830., 160.));
#972 = LINE('', #971, #970);
#973 = DIRECTION('', (1., -0., 0.));
#974 = VECTOR('', #973, 1.);
#975 = CARTESIAN_POINT('', (-1000., -950., 0.));
#976 = LINE('', #975, #974);
#977 = DIRECTION('', (1., -0., 0.));
#978 = VECTOR('', #977, 1.);
#979 = CARTESIAN_POINT('', (-1000., -950., 160.));
#980 = LINE('', #979, #978);
#981 = DIRECTION('', (0., 1., 0.));
#982 = VECTOR('', #981, 1.);
#983 = CARTESIAN_POINT('', (0.5, -0.5, 0.));
#984 = LINE('', #983, #982);
#985 = DIRECTION('', (0., -0., 1.));
#986 = VECTOR('', #985, 1.);
#987 = CARTESIAN_POINT('', (0.5, 0.5, 0.));
#988 = LINE('', #987, #986);
#989 = DIRECTION('', (0., 1., 0.));
#990 = VECTOR('', #989, 1.);
#991 = CARTESIAN_POINT('', (0.5, -0.5, 1.));
#992 = LINE('', #991, #990);
#993 = DIRECTION('', (0., -0., 1.));
#994 = VECTOR('', #993, 1.);
#995 = CARTESIAN_POINT('', (0.5, -0.5, 0.));
#996 = LINE('', #995, #994);
#997 = DIRECTION('', (-1., -0., 0.));
#998 = VECTOR('', #997, 1.);
#999 = CARTESIAN_POINT('', (0.5, 0.5, 0.));
#1000 = LINE('', #999, #998);
#1001 = DIRECTION('', (0., -0., 1.));
#1002 = VECTOR('', #1001, 1.);
#1003 = CARTESIAN_POINT('', (-0.5, 0.5, 0.));
#1004 = LINE('', #1003, #1002);
#1005 = DIRECTION('', (-1., -0., 0.));
#1006 = VECTOR('', #1005, 1.);
#1007 = CARTESIAN_POINT('', (0.5, 0.5, 1.));
#1008 = LINE('', #1007, #1006);
#1009 = DIRECTION('', (0., -1., 0.));
#1010 = VECTOR('', #1009, 1.);
#1011 = CARTESIAN_POINT('', (-0.5, 0.5, 0.));
#1012 = LINE('', #1011, #1010);
#1013 = DIRECTION('', (0., -0., 1.));
#1014 = VECTOR('', #1013, 1.);
#1015 = CARTESIAN_POINT('', (-0.5, -0.5, 0.));
#1016 = LINE('', #1015, #1014);
#1017 = DIRECTION('', (0., -1., 0.));
#1018 = VECTOR('', #1017, 1.);
#1019 = CARTESIAN_POINT('', (-0.5, 0.5, 1.));
#1020 = LINE('', #1019, #1018);
#1021 = DIRECTION('', (1., -0., 0.));
#1022 = VECTOR('', #1021, 1.);
#1023 = CARTESIAN_POINT('', (-0.5, -0.5, 0.));
#1024 = LINE('', #1023, #1022);
#1025 = DIRECTION('', (1., -0., 0.));
#1026 = VECTOR('', #1025, 1.);
#1027 = CARTESIAN_POINT('', (-0.5, -0.5, 1.));
#1028 = LINE('', #1027, #1026);
#1029 = EDGE_CURVE('', #6, #8, #264, .T.);
#1030 = EDGE_CURVE('', #8, #10, #268, .T.);
#1031 = EDGE_CURVE('', #12, #10, #272, .T.);
#1032 = EDGE_CURVE('', #6, #12, #276, .T.);
#1033 = EDGE_CURVE('', #8, #14, #280, .T.);
#1034 = EDGE_CURVE('', #14, #16, #284, .T.);
#1035 = EDGE_CURVE('', #10, #16, #288, .T.);
#1036 = EDGE_CURVE('', #14, #18, #292, .T.);
#1037 = EDGE_CURVE('', #18, #20, #296, .T.);
#1038 = EDGE_CURVE('', #16, #20, #300, .T.);
#1039 = EDGE_CURVE('', #18, #6, #304, .T.);
#1040 = EDGE_CURVE('', #20, #12, #308, .T.);
#1041 = EDGE_CURVE('', #22, #24, #312, .T.);
#1042 = EDGE_CURVE('', #24, #26, #316, .T.);
#1043 = EDGE_CURVE('', #28, #26, #320, .T.);
#1044 = EDGE_CURVE('', #22, #28, #324, .T.);
#1045 = EDGE_CURVE('', #24, #30, #328, .T.);
#1046 = EDGE_CURVE('', #30, #32, #332, .T.);
#1047 = EDGE_CURVE('', #26, #32, #336, .T.);
#1048 = EDGE_CURVE('', #30, #34, #340, .T.);
#1049 = EDGE_CURVE('', #34, #36, #344, .T.);
#1050 = EDGE_CURVE('', #32, #36, #348, .T.);
#1051 = EDGE_CURVE('', #34, #22, #352, .T.);
#1052 = EDGE_CURVE('', #36, #28, #356, .T.);
#1053 = EDGE_CURVE('', #38, #40, #360, .T.);
#1054 = EDGE_CURVE('', #40, #42, #364, .T.);
#1055 = EDGE_CURVE('', #44, #42, #368, .T.);
#1056 = EDGE_CURVE('', #38, #44, #372, .T.);
#1057 = EDGE_CURVE('', #40, #46, #376, .T.);
#1058 = EDGE_CURVE('', #46, #48, #380, .T.);
#1059 = EDGE_CURVE('', #42, #48, #384, .T.);
#1060 = EDGE_CURVE('', #46, #50, #388, .T.);
#1061 = EDGE_CURVE('', #50, #52, #392, .T.);
#1062 = EDGE_CURVE('', #48, #52, #396, .T.);
#1063 = EDGE_CURVE('', #50, #38, #400, .T.);
#1064 = EDGE_CURVE('', #52, #44, #404, .T.);
#1065 = EDGE_CURVE('', #54, #56, #408, .T.);
#1066 = EDGE_CURVE('', #56, #58, #412, .T.);
#1067 = EDGE_CURVE('', #60, #58, #416, .T.);
#1068 = EDGE_CURVE('', #54, #60, #420, .T.);
#1069 = EDGE_CURVE('', #56, #62, #424, .T.);
#1070 = EDGE_CURVE('', #62, #64, #428, .T.);
#1071 = EDGE_CURVE('', #58, #64, #432, .T.);
#1072 = EDGE_CURVE('', #62, #66, #436, .T.);
#1073 = EDGE_CURVE('', #66, #68, #440, .T.);
#1074 = EDGE_CURVE('', #64, #68, #444, .T.);
#1075 = EDGE_CURVE('', #66, #54, #448, .T.);
#1076 = EDGE_CURVE('', #68, #60, #452, .T.);
#1077 = EDGE_CURVE('', #70, #72, #456, .T.);
#1078 = EDGE_CURVE('', #72, #74, #460, .T.);
#1079 = EDGE_CURVE('', #76, #74, #464, .T.);
#1080 = EDGE_CURVE('', #70, #76, #468, .T.);
#1081 = EDGE_CURVE('', #72, #78, #472, .T.);
#1082 = EDGE_CURVE('', #78, #80, #476, .T.);
#1083 = EDGE_CURVE('', #74, #80, #480, .T.);
#1084 = EDGE_CURVE('', #78, #82, #484, .T.);
#1085 = EDGE_CURVE('', #82, #84, #488, .T.);
#1086 = EDGE_CURVE('', #80, #84, #492, .T.);
#1087 = EDGE_CURVE('', #82, #70, #496, .T.);
#1088 = EDGE_CURVE('', #84, #76, #500, .T.);
#1089 = EDGE_CURVE('', #86, #88, #504, .T.);
#1090 = EDGE_CURVE('', #88, #90, #508, .T.);
#1091 = EDGE_CURVE('', #92, #90, #512, .T.);
#1092 = EDGE_CURVE('', #86, #92, #516, .T.);
#1093 = EDGE_CURVE('', #88, #94, #520, .T.);
#1094 = EDGE_CURVE('', #94, #96, #524, .T.);
#1095 = EDGE_CURVE('', #90, #96, #528, .T.);
#1096 = EDGE_CURVE('', #94, #98, #532, .T.);
#1097 = EDGE_CURVE('', #98, #100, #536, .T.);
#1098 = EDGE_CURVE('', #96, #100, #540, .T.);
#1099 = EDGE_CURVE('', #98, #86, #544, .T.);
#1100 = EDGE_CURVE('', #100, #92, #548, .T.);
#1101 = EDGE_CURVE('', #102, #104, #552, .T.);
#1102 = EDGE_CURVE('', #104, #106, #556, .T.);
#1103 = EDGE_CURVE('', #108, #106, #560, .T.);
#1104 = EDGE_CURVE('', #102, #108, #564, .T.);
#1105 = EDGE_CURVE('', #104, #110, #568, .T.);
#1106 = EDGE_CURVE('', #110, #112, #572, .T.);
#1107 = EDGE_CURVE('', #106, #112, #576, .T.);
#1108 = EDGE_CURVE('', #110, #114, #580, .T.);
#1109 = EDGE_CURVE('', #114, #116, #584, .T.);
#1110 = EDGE_CURVE('', #112, #116, #588, .T.);
#1111 = EDGE_CURVE('', #114, #102, #592, .T.);
#1112 = EDGE_CURVE('', #116, #108, #596, .T.);
#1113 = EDGE_CURVE('', #118, #120, #600, .T.);
#1114 = EDGE_CURVE('', #120, #122, #604, .T.);
#1115 = EDGE_CURVE('', #124, #122, #608, .T.);
#1116 = EDGE_CURVE('', #118, #124, #612, .T.);
#1117 = EDGE_CURVE('', #120, #126, #616, .T.);
#1118 = EDGE_CURVE('', #126, #128, #620, .T.);
#1119 = EDGE_CURVE('', #122, #128, #624, .T.);
#1120 = EDGE_CURVE('', #126, #130, #628, .T.);
#1121 = EDGE_CURVE('', #130, #132, #632, .T.);
#1122 = EDGE_CURVE('', #128, #132, #636, .T.);
#1123 = EDGE_CURVE('', #130, #118, #640, .T.);
#1124 = EDGE_CURVE('', #132, #124, #644, .T.);
#1125 = EDGE_CURVE('', #134, #136, #648, .T.);
#1126 = EDGE_CURVE('', #136, #138, #652, .T.);
#1127 = EDGE_CURVE('', #140, #138, #656, .T.);
#1128 = EDGE_CURVE('', #134, #140, #660, .T.);
#1129 = EDGE_CURVE('', #136, #142, #664, .T.);
#1130 = EDGE_CURVE('', #142, #144, #668, .T.);
#1131 = EDGE_CURVE('', #138, #144, #672, .T.);
#1132 = EDGE_CURVE('', #142, #146, #676, .T.);
#1133 = EDGE_CURVE('', #146, #148, #680, .T.);
#1134 = EDGE_CURVE('', #144, #148, #684, .T.);
#1135 = EDGE_CURVE('', #146, #134, #688, .T.);
#1136 = EDGE_CURVE('', #148, #140, #692, .T.);
#1137 = EDGE_CURVE('', #150, #152, #696, .T.);
#1138 = EDGE_CURVE('', #152, #154, #700, .T.);
#1139 = EDGE_CURVE('', #156, #154, #704, .T.);
#1140 = EDGE_CURVE('', #150, #156, #708, .T.);
#1141 = EDGE_CURVE('', #152, #158, #712, .T.);
#1142 = EDGE_CURVE('', #158, #160, #716, .T.);
#1143 = EDGE_CURVE('', #154, #160, #720, .T.);
#1144 = EDGE_CURVE('', #158, #162, #724, .T.);
#1145 = EDGE_CURVE('', #162, #164, #728, .T.);
#1146 = EDGE_CURVE('', #160, #164, #732, .T.);
#1147 = EDGE_CURVE('', #162, #150, #736, .T.);
#1148 = EDGE_CURVE('', #164, #156, #740, .T.);
#1149 = EDGE_CURVE('', #166, #168, #744, .T.);
#1150 = EDGE_CURVE('', #168, #170, #748, .T.);
#1151 = EDGE_CURVE('', #172, #170, #752, .T.);
#1152 = EDGE_CURVE('', #166, #172, #756, .T.);
#1153 = EDGE_CURVE('', #168, #174, #760, .T.);
#1154 = EDGE_CURVE('', #174, #176, #764, .T.);
#1155 = EDGE_CURVE('', #170, #176, #768, .T.);
#1156 = EDGE_CURVE('', #174, #178, #772, .T.);
#1157 = EDGE_CURVE('', #178, #180, #776, .T.);
#1158 = EDGE_CURVE('', #176, #180, #780, .T.);
#1159 = EDGE_CURVE('', #178, #166, #784, .T.);
#1160 = EDGE_CURVE('', #180, #172, #788, .T.);
#1161 = EDGE_CURVE('', #182, #184, #792, .T.);
#1162 = EDGE_CURVE('', #184, #186, #796, .T.);
#1163 = EDGE_CURVE('', #188, #186, #800, .T.);
#1164 = EDGE_CURVE('', #182, #188, #804, .T.);
#1165 = EDGE_CURVE('', #184, #190, #808, .T.);
#1166 = EDGE_CURVE('', #190, #192, #812, .T.);
#1167 = EDGE_CURVE('', #186, #192, #816, .T.);
#1168 = EDGE_CURVE('', #190, #194, #820, .T.);
#1169 = EDGE_CURVE('', #194, #196, #824, .T.);
#1170 = EDGE_CURVE('', #192, #196, #828, .T.);
#1171 = EDGE_CURVE('', #194, #182, #832, .T.);
#1172 = EDGE_CURVE('', #196, #188, #836, .T.);
#1173 = EDGE_CURVE('', #198, #200, #840, .T.);
#1174 = EDGE_CURVE('', #200, #202, #844, .T.);
#1175 = EDGE_CURVE('', #204, #202, #848, .T.);
#1176 = EDGE_CURVE('', #198, #204, #852, .T.);
#1177 = EDGE_CURVE('', #200, #206, #856, .T.);
#1178 = EDGE_CURVE('', #206, #208, #860, .T.);
#1179 = EDGE_CURVE('', #202, #208, #864, .T.);
#1180 = EDGE_CURVE('', #206, #210, #868, .T.);
#1181 = EDGE_CURVE('', #210, #212, #872, .T.);
#1182 = EDGE_CURVE('', #208, #212, #876, .T.);
#1183 = EDGE_CURVE('', #210, #198, #880, .T.);
#1184 = EDGE_CURVE('', #212, #204, #884, .T.);
#1185 = EDGE_CURVE('', #214, #216, #888, .T.);
#1186 = EDGE_CURVE('', #216, #218, #892, .T.);
#1187 = EDGE_CURVE('', #220, #218, #896, .T.);
#1188 = EDGE_CURVE('', #214, #220, #900, .T.);
#1189 = EDGE_CURVE('', #216, #222, #904, .T.);
#1190 = EDGE_CURVE('', #222, #224, #908, .T.);
#1191 = EDGE_CURVE('', #218, #224, #912, .T.);
#1192 = EDGE_CURVE('', #222, #226, #916, .T.);
#1193 = EDGE_CURVE('', #226, #228, #920, .T.);
#1194 = EDGE_CURVE('', #224, #228, #924, .T.);
#1195 = EDGE_CURVE('', #226, #214, #928, .T.);
#1196 = EDGE_CURVE('', #228, #220, #932, .T.);
#1197 = EDGE_CURVE('', #230, #232, #936, .T.);
#1198 = EDGE_CURVE('', #232, #234, #940, .T.);
#1199 = EDGE_CURVE('', #236, #234, #944, .T.);
#1200 = EDGE_CURVE('', #230, #236, #948, .T.);
#1201 = EDGE_CURVE('', #232, #238, #952, .T.);
#1202 = EDGE_CURVE('', #238, #240, #956, .T.);
#1203 = EDGE_CURVE('', #234, #240, #960, .T.);
#1204 = EDGE_CURVE('', #238, #242, #964, .T.);
#1205 = EDGE_CURVE('', #242, #244, #968, .T.);
#1206 = EDGE_CURVE('', #240, #244, #972, .T.);
#1207 = EDGE_CURVE('', #242, #230, #976, .T.);
#1208 = EDGE_CURVE('', #244, #236, #980, .T.);
#1209 = EDGE_CURVE('', #246, #248, #984, .T.);
#1210 = EDGE_CURVE('', #248, #250, #988, .T.);
#1211 = EDGE_CURVE('', #252, #250, #992, .T.);
#1212 = EDGE_CURVE('', #246, #252, #996, .T.);
#1213 = EDGE_CURVE('', #248, #254, #1000, .T.);
#1214 = EDGE_CURVE('', #254, #256, #1004, .T.);
#1215 = EDGE_CURVE('', #250, #256, #1008, .T.);
#1216 = EDGE_CURVE('', #254, #258, #1012, .T.);
#1217 = EDGE_CURVE('', #258, #260, #1016, .T.);
#1218 = EDGE_CURVE('', #256, #260, #1020, .T.);
#1219 = EDGE_CURVE('', #258, #246, #1024, .T.);
#1220 = EDGE_CURVE('', #260, #252, #1028, .T.);
#1221 = CARTESIAN_POINT('', (-740., 623., 1700.));
#1222 = DIRECTION('', (1., -0., 0.));
#1223 = AXIS2_PLACEMENT_3D('', #1221, #1222, $);
#1224 = PLANE('', #1223);
#1225 = CARTESIAN_POINT('', (-860., 630., 1700.));
#1226 = DIRECTION('', (0., 1., -0.));
#1227 = AXIS2_PLACEMENT_3D('', #1225, #1226, $);
#1228 = PLANE('', #1227);
#1229 = CARTESIAN_POINT('', (-980., 623., 1700.));
#1230 = DIRECTION('', (-1., -0., 0.));
#1231 = AXIS2_PLACEMENT_3D('', #1229, #1230, $);
#1232 = PLANE('', #1231);
#1233 = CARTESIAN_POINT('', (-860., 616., 1700.));
#1234 = DIRECTION('', (0., -1., 0.));
#1235 = AXIS2_PLACEMENT_3D('', #1233, #1234, $);
#1236 = PLANE('', #1235);
#1237 = CARTESIAN_POINT('', (-860., 623., 1540.));
#1238 = DIRECTION('', (0., -0., 1.));
#1239 = AXIS2_PLACEMENT_3D('', #1237, #1238, $);
#1240 = PLANE('', #1239);
#1241 = CARTESIAN_POINT('', (-860., 623., 1860.));
#1242 = DIRECTION('', (0., -0., 1.));
#1243 = AXIS2_PLACEMENT_3D('', #1241, #1242, $);
#1244 = PLANE('', #1243);
#1245 = CARTESIAN_POINT('', (-720., 700., 1700.));
#1246 = DIRECTION('', (1., -0., 0.));
#1247 = AXIS2_PLACEMENT_3D('', #1245, #1246, $);
#1248 = PLANE('', #1247);
#1249 = CARTESIAN_POINT('', (-860., 770., 1700.));
#1250 = DIRECTION('', (0., 1., -0.));
#1251 = AXIS2_PLACEMENT_3D('', #1249, #1250, $);
#1252 = PLANE('', #1251);
#1253 = CARTESIAN_POINT('', (-1000., 700., 1700.));
#1254 = DIRECTION('', (-1., -0., 0.));
#1255 = AXIS2_PLACEMENT_3D('', #1253, #1254, $);
#1256 = PLANE('', #1255);
#1257 = CARTESIAN_POINT('', (-860., 630., 1700.));
#1258 = DIRECTION('', (0., -1., 0.));
#1259 = AXIS2_PLACEMENT_3D('', #1257, #1258, $);
#1260 = PLANE('', #1259);
#1261 = CARTESIAN_POINT('', (-860., 700., 1520.));
#1262 = DIRECTION('', (0., -0., 1.));
#1263 = AXIS2_PLACEMENT_3D('', #1261, #1262, $);
#1264 = PLANE('', #1263);
#1265 = CARTESIAN_POINT('', (-860., 700., 1880.));
#1266 = DIRECTION('', (0., -0., 1.));
#1267 = AXIS2_PLACEMENT_3D('', #1265, #1266, $);
#1268 = PLANE('', #1267);
#1269 = CARTESIAN_POINT('', (-280., 475., 200.));
#1270 = DIRECTION('', (1., -0., 0.));
#1271 = AXIS2_PLACEMENT_3D('', #1269, #1270, $);
#1272 = PLANE('', #1271);
#1273 = CARTESIAN_POINT('', (-500., 685., 200.));
#1274 = DIRECTION('', (0., 1., -0.));
#1275 = AXIS2_PLACEMENT_3D('', #1273, #1274, $);
#1276 = PLANE('', #1275);
#1277 = CARTESIAN_POINT('', (-720., 475., 200.));
#1278 = DIRECTION('', (-1., -0., 0.));
#1279 = AXIS2_PLACEMENT_3D('', #1277, #1278, $);
#1280 = PLANE('', #1279);
#1281 = CARTESIAN_POINT('', (-500., 265., 200.));
#1282 = DIRECTION('', (0., -1., 0.));
#1283 = AXIS2_PLACEMENT_3D('', #1281, #1282, $);
#1284 = PLANE('', #1283);
#1285 = CARTESIAN_POINT('', (-500., 475., 160.));
#1286 = DIRECTION('', (0., -0., 1.));
#1287 = AXIS2_PLACEMENT_3D('', #1285, #1286, $);
#1288 = PLANE('', #1287);
#1289 = CARTESIAN_POINT('', (-500., 475., 240.));
#1290 = DIRECTION('', (0., -0., 1.));
#1291 = AXIS2_PLACEMENT_3D('', #1289, #1290, $);
#1292 = PLANE('', #1291);
#1293 = CARTESIAN_POINT('', (-270., 215., 840.));
#1294 = DIRECTION('', (1., -0., 0.));
#1295 = AXIS2_PLACEMENT_3D('', #1293, #1294, $);
#1296 = PLANE('', #1295);
#1297 = CARTESIAN_POINT('', (-500., 225., 840.));
#1298 = DIRECTION('', (0., 1., -0.));
#1299 = AXIS2_PLACEMENT_3D('', #1297, #1298, $);
#1300 = PLANE('', #1299);
#1301 = CARTESIAN_POINT('', (-730., 215., 840.));
#1302 = DIRECTION('', (-1., -0., 0.));
#1303 = AXIS2_PLACEMENT_3D('', #1301, #1302, $);
#1304 = PLANE('', #1303);
#1305 = CARTESIAN_POINT('', (-500., 205., 840.));
#1306 = DIRECTION('', (0., -1., 0.));
#1307 = AXIS2_PLACEMENT_3D('', #1305, #1306, $);
#1308 = PLANE('', #1307);
#1309 = CARTESIAN_POINT('', (-500., 215., 230.));
#1310 = DIRECTION('', (0., -0., 1.));
#1311 = AXIS2_PLACEMENT_3D('', #1309, #1310, $);
#1312 = PLANE('', #1311);
#1313 = CARTESIAN_POINT('', (-500., 215., 1450.));
#1314 = DIRECTION('', (0., -0., 1.));
#1315 = AXIS2_PLACEMENT_3D('', #1313, #1314, $);
#1316 = PLANE('', #1315);
#1317 = CARTESIAN_POINT('', (-240., 475., 830.));
#1318 = DIRECTION('', (1., -0., 0.));
#1319 = AXIS2_PLACEMENT_3D('', #1317, #1318, $);
#1320 = PLANE('', #1319);
#1321 = CARTESIAN_POINT('', (-500., 725., 830.));
#1322 = DIRECTION('', (0., 1., -0.));
#1323 = AXIS2_PLACEMENT_3D('', #1321, #1322, $);
#1324 = PLANE('', #1323);
#1325 = CARTESIAN_POINT('', (-760., 475., 830.));
#1326 = DIRECTION('', (-1., -0., 0.));
#1327 = AXIS2_PLACEMENT_3D('', #1325, #1326, $);
#1328 = PLANE('', #1327);
#1329 = CARTESIAN_POINT('', (-500., 225., 830.));
#1330 = DIRECTION('', (0., -1., 0.));
#1331 = AXIS2_PLACEMENT_3D('', #1329, #1330, $);
#1332 = PLANE('', #1331);
#1333 = CARTESIAN_POINT('', (-500., 475., 160.));
#1334 = DIRECTION('', (0., -0., 1.));
#1335 = AXIS2_PLACEMENT_3D('', #1333, #1334, $);
#1336 = PLANE('', #1335);
#1337 = CARTESIAN_POINT('', (-500., 475., 1500.));
#1338 = DIRECTION('', (0., -0., 1.));
#1339 = AXIS2_PLACEMENT_3D('', #1337, #1338, $);
#1340 = PLANE('', #1339);
#1341 = CARTESIAN_POINT('', (653.53258246, 860., 1533.92260844));
#1342 = DIRECTION('', (0.97491681, -0., -0.22256955));
#1343 = AXIS2_PLACEMENT_3D('', #1341, #1342, $);
#1344 = PLANE('', #1343);
#1345 = CARTESIAN_POINT('', (604.78674173, 910., 1545.05108594));
#1346 = DIRECTION('', (0., 1., -0.));
#1347 = AXIS2_PLACEMENT_3D('', #1345, #1346, $);
#1348 = PLANE('', #1347);
#1349 = CARTESIAN_POINT('', (556.040901, 860., 1556.17956344));
#1350 = DIRECTION('', (-0.97491681, -0., 0.22256955));
#1351 = AXIS2_PLACEMENT_3D('', #1349, #1350, $);
#1352 = PLANE('', #1351);
#1353 = CARTESIAN_POINT('', (604.78674173, 810., 1545.05108594));
#1354 = DIRECTION('', (0., -1., 0.));
#1355 = AXIS2_PLACEMENT_3D('', #1353, #1354, $);
#1356 = PLANE('', #1355);
#1357 = CARTESIAN_POINT('', (300., 860., 210.));
#1358 = DIRECTION('', (0.22256955, -0., 0.97491681));
#1359 = AXIS2_PLACEMENT_3D('', #1357, #1358, $);
#1360 = PLANE('', #1359);
#1361 = CARTESIAN_POINT('', (909.57348346, 860., 2880.10217188));
#1362 = DIRECTION('', (0.22256955, -0., 0.97491681));
#1363 = AXIS2_PLACEMENT_3D('', #1361, #1362, $);
#1364 = PLANE('', #1363);
#1365 = CARTESIAN_POINT('', (1000., 860., 2990.));
#1366 = DIRECTION('', (1., -0., 0.));
#1367 = AXIS2_PLACEMENT_3D('', #1365, #1366, $);
#1368 = PLANE('', #1367);
#1369 = CARTESIAN_POINT('', (0., 950., 2990.));
#1370 = DIRECTION('', (0., 1., -0.));
#1371 = AXIS2_PLACEMENT_3D('', #1369, #1370, $);
#1372 = PLANE('', #1371);
#1373 = CARTESIAN_POINT('', (-1000., 860., 2990.));
#1374 = DIRECTION('', (-1., -0., 0.));
#1375 = AXIS2_PLACEMENT_3D('', #1373, #1374, $);
#1376 = PLANE('', #1375);
#1377 = CARTESIAN_POINT('', (0., 770., 2990.));
#1378 = DIRECTION('', (0., -1., 0.));
#1379 = AXIS2_PLACEMENT_3D('', #1377, #1378, $);
#1380 = PLANE('', #1379);
#1381 = CARTESIAN_POINT('', (0., 860., 2880.));
#1382 = DIRECTION('', (0., -0., 1.));
#1383 = AXIS2_PLACEMENT_3D('', #1381, #1382, $);
#1384 = PLANE('', #1383);
#1385 = CARTESIAN_POINT('', (0., 860., 3100.));
#1386 = DIRECTION('', (0., -0., 1.));
#1387 = AXIS2_PLACEMENT_3D('', #1385, #1386, $);
#1388 = PLANE('', #1387);
#1389 = CARTESIAN_POINT('', (-820., 860., 1630.));
#1390 = DIRECTION('', (1., -0., 0.));
#1391 = AXIS2_PLACEMENT_3D('', #1389, #1390, $);
#1392 = PLANE('', #1391);
#1393 = CARTESIAN_POINT('', (-910., 950., 1630.));
#1394 = DIRECTION('', (0., 1., -0.));
#1395 = AXIS2_PLACEMENT_3D('', #1393, #1394, $);
#1396 = PLANE('', #1395);
#1397 = CARTESIAN_POINT('', (-1000., 860., 1630.));
#1398 = DIRECTION('', (-1., -0., 0.));
#1399 = AXIS2_PLACEMENT_3D('', #1397, #1398, $);
#1400 = PLANE('', #1399);
#1401 = CARTESIAN_POINT('', (-910., 770., 1630.));
#1402 = DIRECTION('', (0., -1., 0.));
#1403 = AXIS2_PLACEMENT_3D('', #1401, #1402, $);
#1404 = PLANE('', #1403);
#1405 = CARTESIAN_POINT('', (-910., 860., 160.));
#1406 = DIRECTION('', (0., -0., 1.));
#1407 = AXIS2_PLACEMENT_3D('', #1405, #1406, $);
#1408 = PLANE('', #1407);
#1409 = CARTESIAN_POINT('', (-910., 860., 3100.));
#1410 = DIRECTION('', (0., -0., 1.));
#1411 = AXIS2_PLACEMENT_3D('', #1409, #1410, $);
#1412 = PLANE('', #1411);
#1413 = CARTESIAN_POINT('', (50., 0., 60.));
#1414 = DIRECTION('', (1., -0., 0.));
#1415 = AXIS2_PLACEMENT_3D('', #1413, #1414, $);
#1416 = PLANE('', #1415);
#1417 = CARTESIAN_POINT('', (0., 830., 60.));
#1418 = DIRECTION('', (0., 1., -0.));
#1419 = AXIS2_PLACEMENT_3D('', #1417, #1418, $);
#1420 = PLANE('', #1419);
#1421 = CARTESIAN_POINT('', (-50., 0., 60.));
#1422 = DIRECTION('', (-1., -0., 0.));
#1423 = AXIS2_PLACEMENT_3D('', #1421, #1422, $);
#1424 = PLANE('', #1423);
#1425 = CARTESIAN_POINT('', (0., -830., 60.));
#1426 = DIRECTION('', (0., -1., 0.));
#1427 = AXIS2_PLACEMENT_3D('', #1425, #1426, $);
#1428 = PLANE('', #1427);
#1429 = CARTESIAN_POINT('', (0., 0., 0.));
#1430 = DIRECTION('', (0., -0., 1.));
#1431 = AXIS2_PLACEMENT_3D('', #1429, #1430, $);
#1432 = PLANE('', #1431);
#1433 = CARTESIAN_POINT('', (0., 0., 120.));
#1434 = DIRECTION('', (0., -0., 1.));
#1435 = AXIS2_PLACEMENT_3D('', #1433, #1434, $);
#1436 = PLANE('', #1435);
#1437 = CARTESIAN_POINT('', (880., 300., 60.));
#1438 = DIRECTION('', (1., -0., 0.));
#1439 = AXIS2_PLACEMENT_3D('', #1437, #1438, $);
#1440 = PLANE('', #1439);
#1441 = CARTESIAN_POINT('', (0., 350., 60.));
#1442 = DIRECTION('', (0., 1., -0.));
#1443 = AXIS2_PLACEMENT_3D('', #1441, #1442, $);
#1444 = PLANE('', #1443);
#1445 = CARTESIAN_POINT('', (-880., 300., 60.));
#1446 = DIRECTION('', (-1., -0., 0.));
#1447 = AXIS2_PLACEMENT_3D('', #1445, #1446, $);
#1448 = PLANE('', #1447);
#1449 = CARTESIAN_POINT('', (0., 250., 60.));
#1450 = DIRECTION('', (0., -1., 0.));
#1451 = AXIS2_PLACEMENT_3D('', #1449, #1450, $);
#1452 = PLANE('', #1451);
#1453 = CARTESIAN_POINT('', (0., 300., 0.));
#1454 = DIRECTION('', (0., -0., 1.));
#1455 = AXIS2_PLACEMENT_3D('', #1453, #1454, $);
#1456 = PLANE('', #1455);
#1457 = CARTESIAN_POINT('', (0., 300., 120.));
#1458 = DIRECTION('', (0., -0., 1.));
#1459 = AXIS2_PLACEMENT_3D('', #1457, #1458, $);
#1460 = PLANE('', #1459);
#1461 = CARTESIAN_POINT('', (880., -300., 60.));
#1462 = DIRECTION('', (1., -0., 0.));
#1463 = AXIS2_PLACEMENT_3D('', #1461, #1462, $);
#1464 = PLANE('', #1463);
#1465 = CARTESIAN_POINT('', (0., -250., 60.));
#1466 = DIRECTION('', (0., 1., -0.));
#1467 = AXIS2_PLACEMENT_3D('', #1465, #1466, $);
#1468 = PLANE('', #1467);
#1469 = CARTESIAN_POINT('', (-880., -300., 60.));
#1470 = DIRECTION('', (-1., -0., 0.));
#1471 = AXIS2_PLACEMENT_3D('', #1469, #1470, $);
#1472 = PLANE('', #1471);
#1473 = CARTESIAN_POINT('', (0., -350., 60.));
#1474 = DIRECTION('', (0., -1., 0.));
#1475 = AXIS2_PLACEMENT_3D('', #1473, #1474, $);
#1476 = PLANE('', #1475);
#1477 = CARTESIAN_POINT('', (0., -300., 0.));
#1478 = DIRECTION('', (0., -0., 1.));
#1479 = AXIS2_PLACEMENT_3D('', #1477, #1478, $);
#1480 = PLANE('', #1479);
#1481 = CARTESIAN_POINT('', (0., -300., 120.));
#1482 = DIRECTION('', (0., -0., 1.));
#1483 = AXIS2_PLACEMENT_3D('', #1481, #1482, $);
#1484 = PLANE('', #1483);
#1485 = CARTESIAN_POINT('', (1000., 0., 80.));
#1486 = DIRECTION('', (1., -0., 0.));
#1487 = AXIS2_PLACEMENT_3D('', #1485, #1486, $);
#1488 = PLANE('', #1487);
#1489 = CARTESIAN_POINT('', (940., 830., 80.));
#1490 = DIRECTION('', (0., 1., -0.));
#1491 = AXIS2_PLACEMENT_3D('', #1489, #1490, $);
#1492 = PLANE('', #1491);
#1493 = CARTESIAN_POINT('', (880., 0., 80.));
#1494 = DIRECTION('', (-1., -0., 0.));
#1495 = AXIS2_PLACEMENT_3D('', #1493, #1494, $);
#1496 = PLANE('', #1495);
#1497 = CARTESIAN_POINT('', (940., -830., 80.));
#1498 = DIRECTION('', (0., -1., 0.));
#1499 = AXIS2_PLACEMENT_3D('', #1497, #1498, $);
#1500 = PLANE('', #1499);
#1501 = CARTESIAN_POINT('', (940., 0., 0.));
#1502 = DIRECTION('', (0., -0., 1.));
#1503 = AXIS2_PLACEMENT_3D('', #1501, #1502, $);
#1504 = PLANE('', #1503);
#1505 = CARTESIAN_POINT('', (940., 0., 160.));
#1506 = DIRECTION('', (0., -0., 1.));
#1507 = AXIS2_PLACEMENT_3D('', #1505, #1506, $);
#1508 = PLANE('', #1507);
#1509 = CARTESIAN_POINT('', (-880., 0., 80.));
#1510 = DIRECTION('', (1., -0., 0.));
#1511 = AXIS2_PLACEMENT_3D('', #1509, #1510, $);
#1512 = PLANE('', #1511);
#1513 = CARTESIAN_POINT('', (-940., 830., 80.));
#1514 = DIRECTION('', (0., 1., -0.));
#1515 = AXIS2_PLACEMENT_3D('', #1513, #1514, $);
#1516 = PLANE('', #1515);
#1517 = CARTESIAN_POINT('', (-1000., 0., 80.));
#1518 = DIRECTION('', (-1., -0., 0.));
#1519 = AXIS2_PLACEMENT_3D('', #1517, #1518, $);
#1520 = PLANE('', #1519);
#1521 = CARTESIAN_POINT('', (-940., -830., 80.));
#1522 = DIRECTION('', (0., -1., 0.));
#1523 = AXIS2_PLACEMENT_3D('', #1521, #1522, $);
#1524 = PLANE('', #1523);
#1525 = CARTESIAN_POINT('', (-940., 0., 0.));
#1526 = DIRECTION('', (0., -0., 1.));
#1527 = AXIS2_PLACEMENT_3D('', #1525, #1526, $);
#1528 = PLANE('', #1527);
#1529 = CARTESIAN_POINT('', (-940., 0., 160.));
#1530 = DIRECTION('', (0., -0., 1.));
#1531 = AXIS2_PLACEMENT_3D('', #1529, #1530, $);
#1532 = PLANE('', #1531);
#1533 = CARTESIAN_POINT('', (1000., 890., 80.));
#1534 = DIRECTION('', (1., -0., 0.));
#1535 = AXIS2_PLACEMENT_3D('', #1533, #1534, $);
#1536 = PLANE('', #1535);
#1537 = CARTESIAN_POINT('', (0., 950., 80.));
#1538 = DIRECTION('', (0., 1., -0.));
#1539 = AXIS2_PLACEMENT_3D('', #1537, #1538, $);
#1540 = PLANE('', #1539);
#1541 = CARTESIAN_POINT('', (-1000., 890., 80.));
#1542 = DIRECTION('', (-1., -0., 0.));
#1543 = AXIS2_PLACEMENT_3D('', #1541, #1542, $);
#1544 = PLANE('', #1543);
#1545 = CARTESIAN_POINT('', (0., 830., 80.));
#1546 = DIRECTION('', (0., -1., 0.));
#1547 = AXIS2_PLACEMENT_3D('', #1545, #1546, $);
#1548 = PLANE('', #1547);
#1549 = CARTESIAN_POINT('', (0., 890., 0.));
#1550 = DIRECTION('', (0., -0., 1.));
#1551 = AXIS2_PLACEMENT_3D('', #1549, #1550, $);
#1552 = PLANE('', #1551);
#1553 = CARTESIAN_POINT('', (0., 890., 160.));
#1554 = DIRECTION('', (0., -0., 1.));
#1555 = AXIS2_PLACEMENT_3D('', #1553, #1554, $);
#1556 = PLANE('', #1555);
#1557 = CARTESIAN_POINT('', (1000., -890., 80.));
#1558 = DIRECTION('', (1., -0., 0.));
#1559 = AXIS2_PLACEMENT_3D('', #1557, #1558, $);
#1560 = PLANE('', #1559);
#1561 = CARTESIAN_POINT('', (0., -830., 80.));
#1562 = DIRECTION('', (0., 1., -0.));
#1563 = AXIS2_PLACEMENT_3D('', #1561, #1562, $);
#1564 = PLANE('', #1563);
#1565 = CARTESIAN_POINT('', (-1000., -890., 80.));
#1566 = DIRECTION('', (-1., -0., 0.));
#1567 = AXIS2_PLACEMENT_3D('', #1565, #1566, $);
#1568 = PLANE('', #1567);
#1569 = CARTESIAN_POINT('', (0., -950., 80.));
#1570 = DIRECTION('', (0., -1., 0.));
#1571 = AXIS2_PLACEMENT_3D('', #1569, #1570, $);
#1572 = PLANE('', #1571);
#1573 = CARTESIAN_POINT('', (0., -890., 0.));
#1574 = DIRECTION('', (0., -0., 1.));
#1575 = AXIS2_PLACEMENT_3D('', #1573, #1574, $);
#1576 = PLANE('', #1575);
#1577 = CARTESIAN_POINT('', (0., -890., 160.));
#1578 = DIRECTION('', (0., -0., 1.));
#1579 = AXIS2_PLACEMENT_3D('', #1577, #1578, $);
#1580 = PLANE('', #1579);
#1581 = CARTESIAN_POINT('', (0.5, 0., 0.5));
#1582 = DIRECTION('', (1., -0., 0.));
#1583 = AXIS2_PLACEMENT_3D('', #1581, #1582, $);
#1584 = PLANE('', #1583);
#1585 = CARTESIAN_POINT('', (0., 0.5, 0.5));
#1586 = DIRECTION('', (0., 1., -0.));
#1587 = AXIS2_PLACEMENT_3D('', #1585, #1586, $);
#1588 = PLANE('', #1587);
#1589 = CARTESIAN_POINT('', (-0.5, 0., 0.5));
#1590 = DIRECTION('', (-1., -0., 0.));
#1591 = AXIS2_PLACEMENT_3D('', #1589, #1590, $);
#1592 = PLANE('', #1591);
#1593 = CARTESIAN_POINT('', (0., -0.5, 0.5));
#1594 = DIRECTION('', (0., -1., 0.));
#1595 = AXIS2_PLACEMENT_3D('', #1593, #1594, $);
#1596 = PLANE('', #1595);
#1597 = CARTESIAN_POINT('', (0., 0., 0.));
#1598 = DIRECTION('', (0., -0., 1.));
#1599 = AXIS2_PLACEMENT_3D('', #1597, #1598, $);
#1600 = PLANE('', #1599);
#1601 = CARTESIAN_POINT('', (0., 0., 1.));
#1602 = DIRECTION('', (0., -0., 1.));
#1603 = AXIS2_PLACEMENT_3D('', #1601, #1602, $);
#1604 = PLANE('', #1603);
#1605 = ORIENTED_EDGE('', *, *, #1029, .T.);
#1606 = ORIENTED_EDGE('', *, *, #1030, .T.);
#1607 = ORIENTED_EDGE('', *, *, #1031, .F.);
#1608 = ORIENTED_EDGE('', *, *, #1032, .F.);
#1609 = EDGE_LOOP('', (#1605, #1606, #1607, #1608));
#1610 = FACE_BOUND('', #1609, .T.);
#1611 = ADVANCED_FACE('', (#1610), #1224, .T.);
#1612 = ORIENTED_EDGE('', *, *, #1033, .T.);
#1613 = ORIENTED_EDGE('', *, *, #1034, .T.);
#1614 = ORIENTED_EDGE('', *, *, #1035, .F.);
#1615 = ORIENTED_EDGE('', *, *, #1030, .F.);
#1616 = EDGE_LOOP('', (#1612, #1613, #1614, #1615));
#1617 = FACE_BOUND('', #1616, .T.);
#1618 = ADVANCED_FACE('', (#1617), #1228, .T.);
#1619 = ORIENTED_EDGE('', *, *, #1036, .T.);
#1620 = ORIENTED_EDGE('', *, *, #1037, .T.);
#1621 = ORIENTED_EDGE('', *, *, #1038, .F.);
#1622 = ORIENTED_EDGE('', *, *, #1034, .F.);
#1623 = EDGE_LOOP('', (#1619, #1620, #1621, #1622));
#1624 = FACE_BOUND('', #1623, .T.);
#1625 = ADVANCED_FACE('', (#1624), #1232, .T.);
#1626 = ORIENTED_EDGE('', *, *, #1039, .T.);
#1627 = ORIENTED_EDGE('', *, *, #1032, .T.);
#1628 = ORIENTED_EDGE('', *, *, #1040, .F.);
#1629 = ORIENTED_EDGE('', *, *, #1037, .F.);
#1630 = EDGE_LOOP('', (#1626, #1627, #1628, #1629));
#1631 = FACE_BOUND('', #1630, .T.);
#1632 = ADVANCED_FACE('', (#1631), #1236, .T.);
#1633 = ORIENTED_EDGE('', *, *, #1039, .F.);
#1634 = ORIENTED_EDGE('', *, *, #1036, .F.);
#1635 = ORIENTED_EDGE('', *, *, #1033, .F.);
#1636 = ORIENTED_EDGE('', *, *, #1029, .F.);
#1637 = EDGE_LOOP('', (#1633, #1634, #1635, #1636));
#1638 = FACE_BOUND('', #1637, .T.);
#1639 = ADVANCED_FACE('', (#1638), #1240, .F.);
#1640 = ORIENTED_EDGE('', *, *, #1031, .T.);
#1641 = ORIENTED_EDGE('', *, *, #1035, .T.);
#1642 = ORIENTED_EDGE('', *, *, #1038, .T.);
#1643 = ORIENTED_EDGE('', *, *, #1040, .T.);
#1644 = EDGE_LOOP('', (#1640, #1641, #1642, #1643));
#1645 = FACE_BOUND('', #1644, .T.);
#1646 = ADVANCED_FACE('', (#1645), #1244, .T.);
#1647 = ORIENTED_EDGE('', *, *, #1041, .T.);
#1648 = ORIENTED_EDGE('', *, *, #1042, .T.);
#1649 = ORIENTED_EDGE('', *, *, #1043, .F.);
#1650 = ORIENTED_EDGE('', *, *, #1044, .F.);
#1651 = EDGE_LOOP('', (#1647, #1648, #1649, #1650));
#1652 = FACE_BOUND('', #1651, .T.);
#1653 = ADVANCED_FACE('', (#1652), #1248, .T.);
#1654 = ORIENTED_EDGE('', *, *, #1045, .T.);
#1655 = ORIENTED_EDGE('', *, *, #1046, .T.);
#1656 = ORIENTED_EDGE('', *, *, #1047, .F.);
#1657 = ORIENTED_EDGE('', *, *, #1042, .F.);
#1658 = EDGE_LOOP('', (#1654, #1655, #1656, #1657));
#1659 = FACE_BOUND('', #1658, .T.);
#1660 = ADVANCED_FACE('', (#1659), #1252, .T.);
#1661 = ORIENTED_EDGE('', *, *, #1048, .T.);
#1662 = ORIENTED_EDGE('', *, *, #1049, .T.);
#1663 = ORIENTED_EDGE('', *, *, #1050, .F.);
#1664 = ORIENTED_EDGE('', *, *, #1046, .F.);
#1665 = EDGE_LOOP('', (#1661, #1662, #1663, #1664));
#1666 = FACE_BOUND('', #1665, .T.);
#1667 = ADVANCED_FACE('', (#1666), #1256, .T.);
#1668 = ORIENTED_EDGE('', *, *, #1051, .T.);
#1669 = ORIENTED_EDGE('', *, *, #1044, .T.);
#1670 = ORIENTED_EDGE('', *, *, #1052, .F.);
#1671 = ORIENTED_EDGE('', *, *, #1049, .F.);
#1672 = EDGE_LOOP('', (#1668, #1669, #1670, #1671));
#1673 = FACE_BOUND('', #1672, .T.);
#1674 = ADVANCED_FACE('', (#1673), #1260, .T.);
#1675 = ORIENTED_EDGE('', *, *, #1051, .F.);
#1676 = ORIENTED_EDGE('', *, *, #1048, .F.);
#1677 = ORIENTED_EDGE('', *, *, #1045, .F.);
#1678 = ORIENTED_EDGE('', *, *, #1041, .F.);
#1679 = EDGE_LOOP('', (#1675, #1676, #1677, #1678));
#1680 = FACE_BOUND('', #1679, .T.);
#1681 = ADVANCED_FACE('', (#1680), #1264, .F.);
#1682 = ORIENTED_EDGE('', *, *, #1043, .T.);
#1683 = ORIENTED_EDGE('', *, *, #1047, .T.);
#1684 = ORIENTED_EDGE('', *, *, #1050, .T.);
#1685 = ORIENTED_EDGE('', *, *, #1052, .T.);
#1686 = EDGE_LOOP('', (#1682, #1683, #1684, #1685));
#1687 = FACE_BOUND('', #1686, .T.);
#1688 = ADVANCED_FACE('', (#1687), #1268, .T.);
#1689 = ORIENTED_EDGE('', *, *, #1053, .T.);
#1690 = ORIENTED_EDGE('', *, *, #1054, .T.);
#1691 = ORIENTED_EDGE('', *, *, #1055, .F.);
#1692 = ORIENTED_EDGE('', *, *, #1056, .F.);
#1693 = EDGE_LOOP('', (#1689, #1690, #1691, #1692));
#1694 = FACE_BOUND('', #1693, .T.);
#1695 = ADVANCED_FACE('', (#1694), #1272, .T.);
#1696 = ORIENTED_EDGE('', *, *, #1057, .T.);
#1697 = ORIENTED_EDGE('', *, *, #1058, .T.);
#1698 = ORIENTED_EDGE('', *, *, #1059, .F.);
#1699 = ORIENTED_EDGE('', *, *, #1054, .F.);
#1700 = EDGE_LOOP('', (#1696, #1697, #1698, #1699));
#1701 = FACE_BOUND('', #1700, .T.);
#1702 = ADVANCED_FACE('', (#1701), #1276, .T.);
#1703 = ORIENTED_EDGE('', *, *, #1060, .T.);
#1704 = ORIENTED_EDGE('', *, *, #1061, .T.);
#1705 = ORIENTED_EDGE('', *, *, #1062, .F.);
#1706 = ORIENTED_EDGE('', *, *, #1058, .F.);
#1707 = EDGE_LOOP('', (#1703, #1704, #1705, #1706));
#1708 = FACE_BOUND('', #1707, .T.);
#1709 = ADVANCED_FACE('', (#1708), #1280, .T.);
#1710 = ORIENTED_EDGE('', *, *, #1063, .T.);
#1711 = ORIENTED_EDGE('', *, *, #1056, .T.);
#1712 = ORIENTED_EDGE('', *, *, #1064, .F.);
#1713 = ORIENTED_EDGE('', *, *, #1061, .F.);
#1714 = EDGE_LOOP('', (#1710, #1711, #1712, #1713));
#1715 = FACE_BOUND('', #1714, .T.);
#1716 = ADVANCED_FACE('', (#1715), #1284, .T.);
#1717 = ORIENTED_EDGE('', *, *, #1063, .F.);
#1718 = ORIENTED_EDGE('', *, *, #1060, .F.);
#1719 = ORIENTED_EDGE('', *, *, #1057, .F.);
#1720 = ORIENTED_EDGE('', *, *, #1053, .F.);
#1721 = EDGE_LOOP('', (#1717, #1718, #1719, #1720));
#1722 = FACE_BOUND('', #1721, .T.);
#1723 = ADVANCED_FACE('', (#1722), #1288, .F.);
#1724 = ORIENTED_EDGE('', *, *, #1055, .T.);
#1725 = ORIENTED_EDGE('', *, *, #1059, .T.);
#1726 = ORIENTED_EDGE('', *, *, #1062, .T.);
#1727 = ORIENTED_EDGE('', *, *, #1064, .T.);
#1728 = EDGE_LOOP('', (#1724, #1725, #1726, #1727));
#1729 = FACE_BOUND('', #1728, .T.);
#1730 = ADVANCED_FACE('', (#1729), #1292, .T.);
#1731 = ORIENTED_EDGE('', *, *, #1065, .T.);
#1732 = ORIENTED_EDGE('', *, *, #1066, .T.);
#1733 = ORIENTED_EDGE('', *, *, #1067, .F.);
#1734 = ORIENTED_EDGE('', *, *, #1068, .F.);
#1735 = EDGE_LOOP('', (#1731, #1732, #1733, #1734));
#1736 = FACE_BOUND('', #1735, .T.);
#1737 = ADVANCED_FACE('', (#1736), #1296, .T.);
#1738 = ORIENTED_EDGE('', *, *, #1069, .T.);
#1739 = ORIENTED_EDGE('', *, *, #1070, .T.);
#1740 = ORIENTED_EDGE('', *, *, #1071, .F.);
#1741 = ORIENTED_EDGE('', *, *, #1066, .F.);
#1742 = EDGE_LOOP('', (#1738, #1739, #1740, #1741));
#1743 = FACE_BOUND('', #1742, .T.);
#1744 = ADVANCED_FACE('', (#1743), #1300, .T.);
#1745 = ORIENTED_EDGE('', *, *, #1072, .T.);
#1746 = ORIENTED_EDGE('', *, *, #1073, .T.);
#1747 = ORIENTED_EDGE('', *, *, #1074, .F.);
#1748 = ORIENTED_EDGE('', *, *, #1070, .F.);
#1749 = EDGE_LOOP('', (#1745, #1746, #1747, #1748));
#1750 = FACE_BOUND('', #1749, .T.);
#1751 = ADVANCED_FACE('', (#1750), #1304, .T.);
#1752 = ORIENTED_EDGE('', *, *, #1075, .T.);
#1753 = ORIENTED_EDGE('', *, *, #1068, .T.);
#1754 = ORIENTED_EDGE('', *, *, #1076, .F.);
#1755 = ORIENTED_EDGE('', *, *, #1073, .F.);
#1756 = EDGE_LOOP('', (#1752, #1753, #1754, #1755));
#1757 = FACE_BOUND('', #1756, .T.);
#1758 = ADVANCED_FACE('', (#1757), #1308, .T.);
#1759 = ORIENTED_EDGE('', *, *, #1075, .F.);
#1760 = ORIENTED_EDGE('', *, *, #1072, .F.);
#1761 = ORIENTED_EDGE('', *, *, #1069, .F.);
#1762 = ORIENTED_EDGE('', *, *, #1065, .F.);
#1763 = EDGE_LOOP('', (#1759, #1760, #1761, #1762));
#1764 = FACE_BOUND('', #1763, .T.);
#1765 = ADVANCED_FACE('', (#1764), #1312, .F.);
#1766 = ORIENTED_EDGE('', *, *, #1067, .T.);
#1767 = ORIENTED_EDGE('', *, *, #1071, .T.);
#1768 = ORIENTED_EDGE('', *, *, #1074, .T.);
#1769 = ORIENTED_EDGE('', *, *, #1076, .T.);
#1770 = EDGE_LOOP('', (#1766, #1767, #1768, #1769));
#1771 = FACE_BOUND('', #1770, .T.);
#1772 = ADVANCED_FACE('', (#1771), #1316, .T.);
#1773 = ORIENTED_EDGE('', *, *, #1077, .T.);
#1774 = ORIENTED_EDGE('', *, *, #1078, .T.);
#1775 = ORIENTED_EDGE('', *, *, #1079, .F.);
#1776 = ORIENTED_EDGE('', *, *, #1080, .F.);
#1777 = EDGE_LOOP('', (#1773, #1774, #1775, #1776));
#1778 = FACE_BOUND('', #1777, .T.);
#1779 = ADVANCED_FACE('', (#1778), #1320, .T.);
#1780 = ORIENTED_EDGE('', *, *, #1081, .T.);
#1781 = ORIENTED_EDGE('', *, *, #1082, .T.);
#1782 = ORIENTED_EDGE('', *, *, #1083, .F.);
#1783 = ORIENTED_EDGE('', *, *, #1078, .F.);
#1784 = EDGE_LOOP('', (#1780, #1781, #1782, #1783));
#1785 = FACE_BOUND('', #1784, .T.);
#1786 = ADVANCED_FACE('', (#1785), #1324, .T.);
#1787 = ORIENTED_EDGE('', *, *, #1084, .T.);
#1788 = ORIENTED_EDGE('', *, *, #1085, .T.);
#1789 = ORIENTED_EDGE('', *, *, #1086, .F.);
#1790 = ORIENTED_EDGE('', *, *, #1082, .F.);
#1791 = EDGE_LOOP('', (#1787, #1788, #1789, #1790));
#1792 = FACE_BOUND('', #1791, .T.);
#1793 = ADVANCED_FACE('', (#1792), #1328, .T.);
#1794 = ORIENTED_EDGE('', *, *, #1087, .T.);
#1795 = ORIENTED_EDGE('', *, *, #1080, .T.);
#1796 = ORIENTED_EDGE('', *, *, #1088, .F.);
#1797 = ORIENTED_EDGE('', *, *, #1085, .F.);
#1798 = EDGE_LOOP('', (#1794, #1795, #1796, #1797));
#1799 = FACE_BOUND('', #1798, .T.);
#1800 = ADVANCED_FACE('', (#1799), #1332, .T.);
#1801 = ORIENTED_EDGE('', *, *, #1087, .F.);
#1802 = ORIENTED_EDGE('', *, *, #1084, .F.);
#1803 = ORIENTED_EDGE('', *, *, #1081, .F.);
#1804 = ORIENTED_EDGE('', *, *, #1077, .F.);
#1805 = EDGE_LOOP('', (#1801, #1802, #1803, #1804));
#1806 = FACE_BOUND('', #1805, .T.);
#1807 = ADVANCED_FACE('', (#1806), #1336, .F.);
#1808 = ORIENTED_EDGE('', *, *, #1079, .T.);
#1809 = ORIENTED_EDGE('', *, *, #1083, .T.);
#1810 = ORIENTED_EDGE('', *, *, #1086, .T.);
#1811 = ORIENTED_EDGE('', *, *, #1088, .T.);
#1812 = EDGE_LOOP('', (#1808, #1809, #1810, #1811));
#1813 = FACE_BOUND('', #1812, .T.);
#1814 = ADVANCED_FACE('', (#1813), #1340, .T.);
#1815 = ORIENTED_EDGE('', *, *, #1089, .T.);
#1816 = ORIENTED_EDGE('', *, *, #1090, .T.);
#1817 = ORIENTED_EDGE('', *, *, #1091, .F.);
#1818 = ORIENTED_EDGE('', *, *, #1092, .F.);
#1819 = EDGE_LOOP('', (#1815, #1816, #1817, #1818));
#1820 = FACE_BOUND('', #1819, .T.);
#1821 = ADVANCED_FACE('', (#1820), #1344, .T.);
#1822 = ORIENTED_EDGE('', *, *, #1093, .T.);
#1823 = ORIENTED_EDGE('', *, *, #1094, .T.);
#1824 = ORIENTED_EDGE('', *, *, #1095, .F.);
#1825 = ORIENTED_EDGE('', *, *, #1090, .F.);
#1826 = EDGE_LOOP('', (#1822, #1823, #1824, #1825));
#1827 = FACE_BOUND('', #1826, .T.);
#1828 = ADVANCED_FACE('', (#1827), #1348, .T.);
#1829 = ORIENTED_EDGE('', *, *, #1096, .T.);
#1830 = ORIENTED_EDGE('', *, *, #1097, .T.);
#1831 = ORIENTED_EDGE('', *, *, #1098, .F.);
#1832 = ORIENTED_EDGE('', *, *, #1094, .F.);
#1833 = EDGE_LOOP('', (#1829, #1830, #1831, #1832));
#1834 = FACE_BOUND('', #1833, .T.);
#1835 = ADVANCED_FACE('', (#1834), #1352, .T.);
#1836 = ORIENTED_EDGE('', *, *, #1099, .T.);
#1837 = ORIENTED_EDGE('', *, *, #1092, .T.);
#1838 = ORIENTED_EDGE('', *, *, #1100, .F.);
#1839 = ORIENTED_EDGE('', *, *, #1097, .F.);
#1840 = EDGE_LOOP('', (#1836, #1837, #1838, #1839));
#1841 = FACE_BOUND('', #1840, .T.);
#1842 = ADVANCED_FACE('', (#1841), #1356, .T.);
#1843 = ORIENTED_EDGE('', *, *, #1099, .F.);
#1844 = ORIENTED_EDGE('', *, *, #1096, .F.);
#1845 = ORIENTED_EDGE('', *, *, #1093, .F.);
#1846 = ORIENTED_EDGE('', *, *, #1089, .F.);
#1847 = EDGE_LOOP('', (#1843, #1844, #1845, #1846));
#1848 = FACE_BOUND('', #1847, .T.);
#1849 = ADVANCED_FACE('', (#1848), #1360, .F.);
#1850 = ORIENTED_EDGE('', *, *, #1091, .T.);
#1851 = ORIENTED_EDGE('', *, *, #1095, .T.);
#1852 = ORIENTED_EDGE('', *, *, #1098, .T.);
#1853 = ORIENTED_EDGE('', *, *, #1100, .T.);
#1854 = EDGE_LOOP('', (#1850, #1851, #1852, #1853));
#1855 = FACE_BOUND('', #1854, .T.);
#1856 = ADVANCED_FACE('', (#1855), #1364, .T.);
#1857 = ORIENTED_EDGE('', *, *, #1101, .T.);
#1858 = ORIENTED_EDGE('', *, *, #1102, .T.);
#1859 = ORIENTED_EDGE('', *, *, #1103, .F.);
#1860 = ORIENTED_EDGE('', *, *, #1104, .F.);
#1861 = EDGE_LOOP('', (#1857, #1858, #1859, #1860));
#1862 = FACE_BOUND('', #1861, .T.);
#1863 = ADVANCED_FACE('', (#1862), #1368, .T.);
#1864 = ORIENTED_EDGE('', *, *, #1105, .T.);
#1865 = ORIENTED_EDGE('', *, *, #1106, .T.);
#1866 = ORIENTED_EDGE('', *, *, #1107, .F.);
#1867 = ORIENTED_EDGE('', *, *, #1102, .F.);
#1868 = EDGE_LOOP('', (#1864, #1865, #1866, #1867));
#1869 = FACE_BOUND('', #1868, .T.);
#1870 = ADVANCED_FACE('', (#1869), #1372, .T.);
#1871 = ORIENTED_EDGE('', *, *, #1108, .T.);
#1872 = ORIENTED_EDGE('', *, *, #1109, .T.);
#1873 = ORIENTED_EDGE('', *, *, #1110, .F.);
#1874 = ORIENTED_EDGE('', *, *, #1106, .F.);
#1875 = EDGE_LOOP('', (#1871, #1872, #1873, #1874));
#1876 = FACE_BOUND('', #1875, .T.);
#1877 = ADVANCED_FACE('', (#1876), #1376, .T.);
#1878 = ORIENTED_EDGE('', *, *, #1111, .T.);
#1879 = ORIENTED_EDGE('', *, *, #1104, .T.);
#1880 = ORIENTED_EDGE('', *, *, #1112, .F.);
#1881 = ORIENTED_EDGE('', *, *, #1109, .F.);
#1882 = EDGE_LOOP('', (#1878, #1879, #1880, #1881));
#1883 = FACE_BOUND('', #1882, .T.);
#1884 = ADVANCED_FACE('', (#1883), #1380, .T.);
#1885 = ORIENTED_EDGE('', *, *, #1111, .F.);
#1886 = ORIENTED_EDGE('', *, *, #1108, .F.);
#1887 = ORIENTED_EDGE('', *, *, #1105, .F.);
#1888 = ORIENTED_EDGE('', *, *, #1101, .F.);
#1889 = EDGE_LOOP('', (#1885, #1886, #1887, #1888));
#1890 = FACE_BOUND('', #1889, .T.);
#1891 = ADVANCED_FACE('', (#1890), #1384, .F.);
#1892 = ORIENTED_EDGE('', *, *, #1103, .T.);
#1893 = ORIENTED_EDGE('', *, *, #1107, .T.);
#1894 = ORIENTED_EDGE('', *, *, #1110, .T.);
#1895 = ORIENTED_EDGE('', *, *, #1112, .T.);
#1896 = EDGE_LOOP('', (#1892, #1893, #1894, #1895));
#1897 = FACE_BOUND('', #1896, .T.);
#1898 = ADVANCED_FACE('', (#1897), #1388, .T.);
#1899 = ORIENTED_EDGE('', *, *, #1113, .T.);
#1900 = ORIENTED_EDGE('', *, *, #1114, .T.);
#1901 = ORIENTED_EDGE('', *, *, #1115, .F.);
#1902 = ORIENTED_EDGE('', *, *, #1116, .F.);
#1903 = EDGE_LOOP('', (#1899, #1900, #1901, #1902));
#1904 = FACE_BOUND('', #1903, .T.);
#1905 = ADVANCED_FACE('', (#1904), #1392, .T.);
#1906 = ORIENTED_EDGE('', *, *, #1117, .T.);
#1907 = ORIENTED_EDGE('', *, *, #1118, .T.);
#1908 = ORIENTED_EDGE('', *, *, #1119, .F.);
#1909 = ORIENTED_EDGE('', *, *, #1114, .F.);
#1910 = EDGE_LOOP('', (#1906, #1907, #1908, #1909));
#1911 = FACE_BOUND('', #1910, .T.);
#1912 = ADVANCED_FACE('', (#1911), #1396, .T.);
#1913 = ORIENTED_EDGE('', *, *, #1120, .T.);
#1914 = ORIENTED_EDGE('', *, *, #1121, .T.);
#1915 = ORIENTED_EDGE('', *, *, #1122, .F.);
#1916 = ORIENTED_EDGE('', *, *, #1118, .F.);
#1917 = EDGE_LOOP('', (#1913, #1914, #1915, #1916));
#1918 = FACE_BOUND('', #1917, .T.);
#1919 = ADVANCED_FACE('', (#1918), #1400, .T.);
#1920 = ORIENTED_EDGE('', *, *, #1123, .T.);
#1921 = ORIENTED_EDGE('', *, *, #1116, .T.);
#1922 = ORIENTED_EDGE('', *, *, #1124, .F.);
#1923 = ORIENTED_EDGE('', *, *, #1121, .F.);
#1924 = EDGE_LOOP('', (#1920, #1921, #1922, #1923));
#1925 = FACE_BOUND('', #1924, .T.);
#1926 = ADVANCED_FACE('', (#1925), #1404, .T.);
#1927 = ORIENTED_EDGE('', *, *, #1123, .F.);
#1928 = ORIENTED_EDGE('', *, *, #1120, .F.);
#1929 = ORIENTED_EDGE('', *, *, #1117, .F.);
#1930 = ORIENTED_EDGE('', *, *, #1113, .F.);
#1931 = EDGE_LOOP('', (#1927, #1928, #1929, #1930));
#1932 = FACE_BOUND('', #1931, .T.);
#1933 = ADVANCED_FACE('', (#1932), #1408, .F.);
#1934 = ORIENTED_EDGE('', *, *, #1115, .T.);
#1935 = ORIENTED_EDGE('', *, *, #1119, .T.);
#1936 = ORIENTED_EDGE('', *, *, #1122, .T.);
#1937 = ORIENTED_EDGE('', *, *, #1124, .T.);
#1938 = EDGE_LOOP('', (#1934, #1935, #1936, #1937));
#1939 = FACE_BOUND('', #1938, .T.);
#1940 = ADVANCED_FACE('', (#1939), #1412, .T.);
#1941 = ORIENTED_EDGE('', *, *, #1125, .T.);
#1942 = ORIENTED_EDGE('', *, *, #1126, .T.);
#1943 = ORIENTED_EDGE('', *, *, #1127, .F.);
#1944 = ORIENTED_EDGE('', *, *, #1128, .F.);
#1945 = EDGE_LOOP('', (#1941, #1942, #1943, #1944));
#1946 = FACE_BOUND('', #1945, .T.);
#1947 = ADVANCED_FACE('', (#1946), #1416, .T.);
#1948 = ORIENTED_EDGE('', *, *, #1129, .T.);
#1949 = ORIENTED_EDGE('', *, *, #1130, .T.);
#1950 = ORIENTED_EDGE('', *, *, #1131, .F.);
#1951 = ORIENTED_EDGE('', *, *, #1126, .F.);
#1952 = EDGE_LOOP('', (#1948, #1949, #1950, #1951));
#1953 = FACE_BOUND('', #1952, .T.);
#1954 = ADVANCED_FACE('', (#1953), #1420, .T.);
#1955 = ORIENTED_EDGE('', *, *, #1132, .T.);
#1956 = ORIENTED_EDGE('', *, *, #1133, .T.);
#1957 = ORIENTED_EDGE('', *, *, #1134, .F.);
#1958 = ORIENTED_EDGE('', *, *, #1130, .F.);
#1959 = EDGE_LOOP('', (#1955, #1956, #1957, #1958));
#1960 = FACE_BOUND('', #1959, .T.);
#1961 = ADVANCED_FACE('', (#1960), #1424, .T.);
#1962 = ORIENTED_EDGE('', *, *, #1135, .T.);
#1963 = ORIENTED_EDGE('', *, *, #1128, .T.);
#1964 = ORIENTED_EDGE('', *, *, #1136, .F.);
#1965 = ORIENTED_EDGE('', *, *, #1133, .F.);
#1966 = EDGE_LOOP('', (#1962, #1963, #1964, #1965));
#1967 = FACE_BOUND('', #1966, .T.);
#1968 = ADVANCED_FACE('', (#1967), #1428, .T.);
#1969 = ORIENTED_EDGE('', *, *, #1135, .F.);
#1970 = ORIENTED_EDGE('', *, *, #1132, .F.);
#1971 = ORIENTED_EDGE('', *, *, #1129, .F.);
#1972 = ORIENTED_EDGE('', *, *, #1125, .F.);
#1973 = EDGE_LOOP('', (#1969, #1970, #1971, #1972));
#1974 = FACE_BOUND('', #1973, .T.);
#1975 = ADVANCED_FACE('', (#1974), #1432, .F.);
#1976 = ORIENTED_EDGE('', *, *, #1127, .T.);
#1977 = ORIENTED_EDGE('', *, *, #1131, .T.);
#1978 = ORIENTED_EDGE('', *, *, #1134, .T.);
#1979 = ORIENTED_EDGE('', *, *, #1136, .T.);
#1980 = EDGE_LOOP('', (#1976, #1977, #1978, #1979));
#1981 = FACE_BOUND('', #1980, .T.);
#1982 = ADVANCED_FACE('', (#1981), #1436, .T.);
#1983 = ORIENTED_EDGE('', *, *, #1137, .T.);
#1984 = ORIENTED_EDGE('', *, *, #1138, .T.);
#1985 = ORIENTED_EDGE('', *, *, #1139, .F.);
#1986 = ORIENTED_EDGE('', *, *, #1140, .F.);
#1987 = EDGE_LOOP('', (#1983, #1984, #1985, #1986));
#1988 = FACE_BOUND('', #1987, .T.);
#1989 = ADVANCED_FACE('', (#1988), #1440, .T.);
#1990 = ORIENTED_EDGE('', *, *, #1141, .T.);
#1991 = ORIENTED_EDGE('', *, *, #1142, .T.);
#1992 = ORIENTED_EDGE('', *, *, #1143, .F.);
#1993 = ORIENTED_EDGE('', *, *, #1138, .F.);
#1994 = EDGE_LOOP('', (#1990, #1991, #1992, #1993));
#1995 = FACE_BOUND('', #1994, .T.);
#1996 = ADVANCED_FACE('', (#1995), #1444, .T.);
#1997 = ORIENTED_EDGE('', *, *, #1144, .T.);
#1998 = ORIENTED_EDGE('', *, *, #1145, .T.);
#1999 = ORIENTED_EDGE('', *, *, #1146, .F.);
#2000 = ORIENTED_EDGE('', *, *, #1142, .F.);
#2001 = EDGE_LOOP('', (#1997, #1998, #1999, #2000));
#2002 = FACE_BOUND('', #2001, .T.);
#2003 = ADVANCED_FACE('', (#2002), #1448, .T.);
#2004 = ORIENTED_EDGE('', *, *, #1147, .T.);
#2005 = ORIENTED_EDGE('', *, *, #1140, .T.);
#2006 = ORIENTED_EDGE('', *, *, #1148, .F.);
#2007 = ORIENTED_EDGE('', *, *, #1145, .F.);
#2008 = EDGE_LOOP('', (#2004, #2005, #2006, #2007));
#2009 = FACE_BOUND('', #2008, .T.);
#2010 = ADVANCED_FACE('', (#2009), #1452, .T.);
#2011 = ORIENTED_EDGE('', *, *, #1147, .F.);
#2012 = ORIENTED_EDGE('', *, *, #1144, .F.);
#2013 = ORIENTED_EDGE('', *, *, #1141, .F.);
#2014 = ORIENTED_EDGE('', *, *, #1137, .F.);
#2015 = EDGE_LOOP('', (#2011, #2012, #2013, #2014));
#2016 = FACE_BOUND('', #2015, .T.);
#2017 = ADVANCED_FACE('', (#2016), #1456, .F.);
#2018 = ORIENTED_EDGE('', *, *, #1139, .T.);
#2019 = ORIENTED_EDGE('', *, *, #1143, .T.);
#2020 = ORIENTED_EDGE('', *, *, #1146, .T.);
#2021 = ORIENTED_EDGE('', *, *, #1148, .T.);
#2022 = EDGE_LOOP('', (#2018, #2019, #2020, #2021));
#2023 = FACE_BOUND('', #2022, .T.);
#2024 = ADVANCED_FACE('', (#2023), #1460, .T.);
#2025 = ORIENTED_EDGE('', *, *, #1149, .T.);
#2026 = ORIENTED_EDGE('', *, *, #1150, .T.);
#2027 = ORIENTED_EDGE('', *, *, #1151, .F.);
#2028 = ORIENTED_EDGE('', *, *, #1152, .F.);
#2029 = EDGE_LOOP('', (#2025, #2026, #2027, #2028));
#2030 = FACE_BOUND('', #2029, .T.);
#2031 = ADVANCED_FACE('', (#2030), #1464, .T.);
#2032 = ORIENTED_EDGE('', *, *, #1153, .T.);
#2033 = ORIENTED_EDGE('', *, *, #1154, .T.);
#2034 = ORIENTED_EDGE('', *, *, #1155, .F.);
#2035 = ORIENTED_EDGE('', *, *, #1150, .F.);
#2036 = EDGE_LOOP('', (#2032, #2033, #2034, #2035));
#2037 = FACE_BOUND('', #2036, .T.);
#2038 = ADVANCED_FACE('', (#2037), #1468, .T.);
#2039 = ORIENTED_EDGE('', *, *, #1156, .T.);
#2040 = ORIENTED_EDGE('', *, *, #1157, .T.);
#2041 = ORIENTED_EDGE('', *, *, #1158, .F.);
#2042 = ORIENTED_EDGE('', *, *, #1154, .F.);
#2043 = EDGE_LOOP('', (#2039, #2040, #2041, #2042));
#2044 = FACE_BOUND('', #2043, .T.);
#2045 = ADVANCED_FACE('', (#2044), #1472, .T.);
#2046 = ORIENTED_EDGE('', *, *, #1159, .T.);
#2047 = ORIENTED_EDGE('', *, *, #1152, .T.);
#2048 = ORIENTED_EDGE('', *, *, #1160, .F.);
#2049 = ORIENTED_EDGE('', *, *, #1157, .F.);
#2050 = EDGE_LOOP('', (#2046, #2047, #2048, #2049));
#2051 = FACE_BOUND('', #2050, .T.);
#2052 = ADVANCED_FACE('', (#2051), #1476, .T.);
#2053 = ORIENTED_EDGE('', *, *, #1159, .F.);
#2054 = ORIENTED_EDGE('', *, *, #1156, .F.);
#2055 = ORIENTED_EDGE('', *, *, #1153, .F.);
#2056 = ORIENTED_EDGE('', *, *, #1149, .F.);
#2057 = EDGE_LOOP('', (#2053, #2054, #2055, #2056));
#2058 = FACE_BOUND('', #2057, .T.);
#2059 = ADVANCED_FACE('', (#2058), #1480, .F.);
#2060 = ORIENTED_EDGE('', *, *, #1151, .T.);
#2061 = ORIENTED_EDGE('', *, *, #1155, .T.);
#2062 = ORIENTED_EDGE('', *, *, #1158, .T.);
#2063 = ORIENTED_EDGE('', *, *, #1160, .T.);
#2064 = EDGE_LOOP('', (#2060, #2061, #2062, #2063));
#2065 = FACE_BOUND('', #2064, .T.);
#2066 = ADVANCED_FACE('', (#2065), #1484, .T.);
#2067 = ORIENTED_EDGE('', *, *, #1161, .T.);
#2068 = ORIENTED_EDGE('', *, *, #1162, .T.);
#2069 = ORIENTED_EDGE('', *, *, #1163, .F.);
#2070 = ORIENTED_EDGE('', *, *, #1164, .F.);
#2071 = EDGE_LOOP('', (#2067, #2068, #2069, #2070));
#2072 = FACE_BOUND('', #2071, .T.);
#2073 = ADVANCED_FACE('', (#2072), #1488, .T.);
#2074 = ORIENTED_EDGE('', *, *, #1165, .T.);
#2075 = ORIENTED_EDGE('', *, *, #1166, .T.);
#2076 = ORIENTED_EDGE('', *, *, #1167, .F.);
#2077 = ORIENTED_EDGE('', *, *, #1162, .F.);
#2078 = EDGE_LOOP('', (#2074, #2075, #2076, #2077));
#2079 = FACE_BOUND('', #2078, .T.);
#2080 = ADVANCED_FACE('', (#2079), #1492, .T.);
#2081 = ORIENTED_EDGE('', *, *, #1168, .T.);
#2082 = ORIENTED_EDGE('', *, *, #1169, .T.);
#2083 = ORIENTED_EDGE('', *, *, #1170, .F.);
#2084 = ORIENTED_EDGE('', *, *, #1166, .F.);
#2085 = EDGE_LOOP('', (#2081, #2082, #2083, #2084));
#2086 = FACE_BOUND('', #2085, .T.);
#2087 = ADVANCED_FACE('', (#2086), #1496, .T.);
#2088 = ORIENTED_EDGE('', *, *, #1171, .T.);
#2089 = ORIENTED_EDGE('', *, *, #1164, .T.);
#2090 = ORIENTED_EDGE('', *, *, #1172, .F.);
#2091 = ORIENTED_EDGE('', *, *, #1169, .F.);
#2092 = EDGE_LOOP('', (#2088, #2089, #2090, #2091));
#2093 = FACE_BOUND('', #2092, .T.);
#2094 = ADVANCED_FACE('', (#2093), #1500, .T.);
#2095 = ORIENTED_EDGE('', *, *, #1171, .F.);
#2096 = ORIENTED_EDGE('', *, *, #1168, .F.);
#2097 = ORIENTED_EDGE('', *, *, #1165, .F.);
#2098 = ORIENTED_EDGE('', *, *, #1161, .F.);
#2099 = EDGE_LOOP('', (#2095, #2096, #2097, #2098));
#2100 = FACE_BOUND('', #2099, .T.);
#2101 = ADVANCED_FACE('', (#2100), #1504, .F.);
#2102 = ORIENTED_EDGE('', *, *, #1163, .T.);
#2103 = ORIENTED_EDGE('', *, *, #1167, .T.);
#2104 = ORIENTED_EDGE('', *, *, #1170, .T.);
#2105 = ORIENTED_EDGE('', *, *, #1172, .T.);
#2106 = EDGE_LOOP('', (#2102, #2103, #2104, #2105));
#2107 = FACE_BOUND('', #2106, .T.);
#2108 = ADVANCED_FACE('', (#2107), #1508, .T.);
#2109 = ORIENTED_EDGE('', *, *, #1173, .T.);
#2110 = ORIENTED_EDGE('', *, *, #1174, .T.);
#2111 = ORIENTED_EDGE('', *, *, #1175, .F.);
#2112 = ORIENTED_EDGE('', *, *, #1176, .F.);
#2113 = EDGE_LOOP('', (#2109, #2110, #2111, #2112));
#2114 = FACE_BOUND('', #2113, .T.);
#2115 = ADVANCED_FACE('', (#2114), #1512, .T.);
#2116 = ORIENTED_EDGE('', *, *, #1177, .T.);
#2117 = ORIENTED_EDGE('', *, *, #1178, .T.);
#2118 = ORIENTED_EDGE('', *, *, #1179, .F.);
#2119 = ORIENTED_EDGE('', *, *, #1174, .F.);
#2120 = EDGE_LOOP('', (#2116, #2117, #2118, #2119));
#2121 = FACE_BOUND('', #2120, .T.);
#2122 = ADVANCED_FACE('', (#2121), #1516, .T.);
#2123 = ORIENTED_EDGE('', *, *, #1180, .T.);
#2124 = ORIENTED_EDGE('', *, *, #1181, .T.);
#2125 = ORIENTED_EDGE('', *, *, #1182, .F.);
#2126 = ORIENTED_EDGE('', *, *, #1178, .F.);
#2127 = EDGE_LOOP('', (#2123, #2124, #2125, #2126));
#2128 = FACE_BOUND('', #2127, .T.);
#2129 = ADVANCED_FACE('', (#2128), #1520, .T.);
#2130 = ORIENTED_EDGE('', *, *, #1183, .T.);
#2131 = ORIENTED_EDGE('', *, *, #1176, .T.);
#2132 = ORIENTED_EDGE('', *, *, #1184, .F.);
#2133 = ORIENTED_EDGE('', *, *, #1181, .F.);
#2134 = EDGE_LOOP('', (#2130, #2131, #2132, #2133));
#2135 = FACE_BOUND('', #2134, .T.);
#2136 = ADVANCED_FACE('', (#2135), #1524, .T.);
#2137 = ORIENTED_EDGE('', *, *, #1183, .F.);
#2138 = ORIENTED_EDGE('', *, *, #1180, .F.);
#2139 = ORIENTED_EDGE('', *, *, #1177, .F.);
#2140 = ORIENTED_EDGE('', *, *, #1173, .F.);
#2141 = EDGE_LOOP('', (#2137, #2138, #2139, #2140));
#2142 = FACE_BOUND('', #2141, .T.);
#2143 = ADVANCED_FACE('', (#2142), #1528, .F.);
#2144 = ORIENTED_EDGE('', *, *, #1175, .T.);
#2145 = ORIENTED_EDGE('', *, *, #1179, .T.);
#2146 = ORIENTED_EDGE('', *, *, #1182, .T.);
#2147 = ORIENTED_EDGE('', *, *, #1184, .T.);
#2148 = EDGE_LOOP('', (#2144, #2145, #2146, #2147));
#2149 = FACE_BOUND('', #2148, .T.);
#2150 = ADVANCED_FACE('', (#2149), #1532, .T.);
#2151 = ORIENTED_EDGE('', *, *, #1185, .T.);
#2152 = ORIENTED_EDGE('', *, *, #1186, .T.);
#2153 = ORIENTED_EDGE('', *, *, #1187, .F.);
#2154 = ORIENTED_EDGE('', *, *, #1188, .F.);
#2155 = EDGE_LOOP('', (#2151, #2152, #2153, #2154));
#2156 = FACE_BOUND('', #2155, .T.);
#2157 = ADVANCED_FACE('', (#2156), #1536, .T.);
#2158 = ORIENTED_EDGE('', *, *, #1189, .T.);
#2159 = ORIENTED_EDGE('', *, *, #1190, .T.);
#2160 = ORIENTED_EDGE('', *, *, #1191, .F.);
#2161 = ORIENTED_EDGE('', *, *, #1186, .F.);
#2162 = EDGE_LOOP('', (#2158, #2159, #2160, #2161));
#2163 = FACE_BOUND('', #2162, .T.);
#2164 = ADVANCED_FACE('', (#2163), #1540, .T.);
#2165 = ORIENTED_EDGE('', *, *, #1192, .T.);
#2166 = ORIENTED_EDGE('', *, *, #1193, .T.);
#2167 = ORIENTED_EDGE('', *, *, #1194, .F.);
#2168 = ORIENTED_EDGE('', *, *, #1190, .F.);
#2169 = EDGE_LOOP('', (#2165, #2166, #2167, #2168));
#2170 = FACE_BOUND('', #2169, .T.);
#2171 = ADVANCED_FACE('', (#2170), #1544, .T.);
#2172 = ORIENTED_EDGE('', *, *, #1195, .T.);
#2173 = ORIENTED_EDGE('', *, *, #1188, .T.);
#2174 = ORIENTED_EDGE('', *, *, #1196, .F.);
#2175 = ORIENTED_EDGE('', *, *, #1193, .F.);
#2176 = EDGE_LOOP('', (#2172, #2173, #2174, #2175));
#2177 = FACE_BOUND('', #2176, .T.);
#2178 = ADVANCED_FACE('', (#2177), #1548, .T.);
#2179 = ORIENTED_EDGE('', *, *, #1195, .F.);
#2180 = ORIENTED_EDGE('', *, *, #1192, .F.);
#2181 = ORIENTED_EDGE('', *, *, #1189, .F.);
#2182 = ORIENTED_EDGE('', *, *, #1185, .F.);
#2183 = EDGE_LOOP('', (#2179, #2180, #2181, #2182));
#2184 = FACE_BOUND('', #2183, .T.);
#2185 = ADVANCED_FACE('', (#2184), #1552, .F.);
#2186 = ORIENTED_EDGE('', *, *, #1187, .T.);
#2187 = ORIENTED_EDGE('', *, *, #1191, .T.);
#2188 = ORIENTED_EDGE('', *, *, #1194, .T.);
#2189 = ORIENTED_EDGE('', *, *, #1196, .T.);
#2190 = EDGE_LOOP('', (#2186, #2187, #2188, #2189));
#2191 = FACE_BOUND('', #2190, .T.);
#2192 = ADVANCED_FACE('', (#2191), #1556, .T.);
#2193 = ORIENTED_EDGE('', *, *, #1197, .T.);
#2194 = ORIENTED_EDGE('', *, *, #1198, .T.);
#2195 = ORIENTED_EDGE('', *, *, #1199, .F.);
#2196 = ORIENTED_EDGE('', *, *, #1200, .F.);
#2197 = EDGE_LOOP('', (#2193, #2194, #2195, #2196));
#2198 = FACE_BOUND('', #2197, .T.);
#2199 = ADVANCED_FACE('', (#2198), #1560, .T.);
#2200 = ORIENTED_EDGE('', *, *, #1201, .T.);
#2201 = ORIENTED_EDGE('', *, *, #1202, .T.);
#2202 = ORIENTED_EDGE('', *, *, #1203, .F.);
#2203 = ORIENTED_EDGE('', *, *, #1198, .F.);
#2204 = EDGE_LOOP('', (#2200, #2201, #2202, #2203));
#2205 = FACE_BOUND('', #2204, .T.);
#2206 = ADVANCED_FACE('', (#2205), #1564, .T.);
#2207 = ORIENTED_EDGE('', *, *, #1204, .T.);
#2208 = ORIENTED_EDGE('', *, *, #1205, .T.);
#2209 = ORIENTED_EDGE('', *, *, #1206, .F.);
#2210 = ORIENTED_EDGE('', *, *, #1202, .F.);
#2211 = EDGE_LOOP('', (#2207, #2208, #2209, #2210));
#2212 = FACE_BOUND('', #2211, .T.);
#2213 = ADVANCED_FACE('', (#2212), #1568, .T.);
#2214 = ORIENTED_EDGE('', *, *, #1207, .T.);
#2215 = ORIENTED_EDGE('', *, *, #1200, .T.);
#2216 = ORIENTED_EDGE('', *, *, #1208, .F.);
#2217 = ORIENTED_EDGE('', *, *, #1205, .F.);
#2218 = EDGE_LOOP('', (#2214, #2215, #2216, #2217));
#2219 = FACE_BOUND('', #2218, .T.);
#2220 = ADVANCED_FACE('', (#2219), #1572, .T.);
#2221 = ORIENTED_EDGE('', *, *, #1207, .F.);
#2222 = ORIENTED_EDGE('', *, *, #1204, .F.);
#2223 = ORIENTED_EDGE('', *, *, #1201, .F.);
#2224 = ORIENTED_EDGE('', *, *, #1197, .F.);
#2225 = EDGE_LOOP('', (#2221, #2222, #2223, #2224));
#2226 = FACE_BOUND('', #2225, .T.);
#2227 = ADVANCED_FACE('', (#2226), #1576, .F.);
#2228 = ORIENTED_EDGE('', *, *, #1199, .T.);
#2229 = ORIENTED_EDGE('', *, *, #1203, .T.);
#2230 = ORIENTED_EDGE('', *, *, #1206, .T.);
#2231 = ORIENTED_EDGE('', *, *, #1208, .T.);
#2232 = EDGE_LOOP('', (#2228, #2229, #2230, #2231));
#2233 = FACE_BOUND('', #2232, .T.);
#2234 = ADVANCED_FACE('', (#2233), #1580, .T.);
#2235 = ORIENTED_EDGE('', *, *, #1209, .T.);
#2236 = ORIENTED_EDGE('', *, *, #1210, .T.);
#2237 = ORIENTED_EDGE('', *, *, #1211, .F.);
#2238 = ORIENTED_EDGE('', *, *, #1212, .F.);
#2239 = EDGE_LOOP('', (#2235, #2236, #2237, #2238));
#2240 = FACE_BOUND('', #2239, .T.);
#2241 = ADVANCED_FACE('', (#2240), #1584, .T.);
#2242 = ORIENTED_EDGE('', *, *, #1213, .T.);
#2243 = ORIENTED_EDGE('', *, *, #1214, .T.);
#2244 = ORIENTED_EDGE('', *, *, #1215, .F.);
#2245 = ORIENTED_EDGE('', *, *, #1210, .F.);
#2246 = EDGE_LOOP('', (#2242, #2243, #2244, #2245));
#2247 = FACE_BOUND('', #2246, .T.);
#2248 = ADVANCED_FACE('', (#2247), #1588, .T.);
#2249 = ORIENTED_EDGE('', *, *, #1216, .T.);
#2250 = ORIENTED_EDGE('', *, *, #1217, .T.);
#2251 = ORIENTED_EDGE('', *, *, #1218, .F.);
#2252 = ORIENTED_EDGE('', *, *, #1214, .F.);
#2253 = EDGE_LOOP('', (#2249, #2250, #2251, #2252));
#2254 = FACE_BOUND('', #2253, .T.);
#2255 = ADVANCED_FACE('', (#2254), #1592, .T.);
#2256 = ORIENTED_EDGE('', *, *, #1219, .T.);
#2257 = ORIENTED_EDGE('', *, *, #1212, .T.);
#2258 = ORIENTED_EDGE('', *, *, #1220, .F.);
#2259 = ORIENTED_EDGE('', *, *, #1217, .F.);
#2260 = EDGE_LOOP('', (#2256, #2257, #2258, #2259));
#2261 = FACE_BOUND('', #2260, .T.);
#2262 = ADVANCED_FACE('', (#2261), #1596, .T.);
#2263 = ORIENTED_EDGE('', *, *, #1219, .F.);
#2264 = ORIENTED_EDGE('', *, *, #1216, .F.);
#2265 = ORIENTED_EDGE('', *, *, #1213, .F.);
#2266 = ORIENTED_EDGE('', *, *, #1209, .F.);
#2267 = EDGE_LOOP('', (#2263, #2264, #2265, #2266));
#2268 = FACE_BOUND('', #2267, .T.);
#2269 = ADVANCED_FACE('', (#2268), #1600, .F.);
#2270 = ORIENTED_EDGE('', *, *, #1211, .T.);
#2271 = ORIENTED_EDGE('', *, *, #1215, .T.);
#2272 = ORIENTED_EDGE('', *, *, #1218, .T.);
#2273 = ORIENTED_EDGE('', *, *, #1220, .T.);
#2274 = EDGE_LOOP('', (#2270, #2271, #2272, #2273));
#2275 = FACE_BOUND('', #2274, .T.);
#2276 = ADVANCED_FACE('', (#2275), #1604, .T.);
#2277 = CLOSED_SHELL('', (#1611, #1618, #1625, #1632, #1639, #1646));
#2278 = CLOSED_SHELL('', (#1653, #1660, #1667, #1674, #1681, #1688));
#2279 = CLOSED_SHELL('', (#1695, #1702, #1709, #1716, #1723, #1730));
#2280 = CLOSED_SHELL('', (#1737, #1744, #1751, #1758, #1765, #1772));
#2281 = CLOSED_SHELL('', (#1779, #1786, #1793, #1800, #1807, #1814));
#2282 = CLOSED_SHELL('', (#1821, #1828, #1835, #1842, #1849, #1856));
#2283 = CLOSED_SHELL('', (#1863, #1870, #1877, #1884, #1891, #1898));
#2284 = CLOSED_SHELL('', (#1905, #1912, #1919, #1926, #1933, #1940));
#2285 = CLOSED_SHELL('', (#1947, #1954, #1961, #1968, #1975, #1982));
#2286 = CLOSED_SHELL('', (#1989, #1996, #2003, #2010, #2017, #2024));
#2287 = CLOSED_SHELL('', (#2031, #2038, #2045, #2052, #2059, #2066));
#2288 = CLOSED_SHELL('', (#2073, #2080, #2087, #2094, #2101, #2108));
#2289 = CLOSED_SHELL('', (#2115, #2122, #2129, #2136, #2143, #2150));
#2290 = CLOSED_SHELL('', (#2157, #2164, #2171, #2178, #2185, #2192));
#2291 = CLOSED_SHELL('', (#2199, #2206, #2213, #2220, #2227, #2234));
#2292 = CLOSED_SHELL('', (#2241, #2248, #2255, #2262, #2269, #2276));
#2293 = MANIFOLD_SOLID_BREP('', #2277);
#2294 = MANIFOLD_SOLID_BREP('', #2278);
#2295 = MANIFOLD_SOLID_BREP('', #2279);
#2296 = MANIFOLD_SOLID_BREP('', #2280);
#2297 = MANIFOLD_SOLID_BREP('', #2281);
#2298 = MANIFOLD_SOLID_BREP('', #2282);
#2299 = MANIFOLD_SOLID_BREP('', #2283);
#2300 = MANIFOLD_SOLID_BREP('', #2284);
#2301 = MANIFOLD_SOLID_BREP('', #2285);
#2302 = MANIFOLD_SOLID_BREP('', #2286);
#2303 = MANIFOLD_SOLID_BREP('', #2287);
#2304 = MANIFOLD_SOLID_BREP('', #2288);
#2305 = MANIFOLD_SOLID_BREP('', #2289);
#2306 = MANIFOLD_SOLID_BREP('', #2290);
#2307 = MANIFOLD_SOLID_BREP('', #2291);
#2308 = MANIFOLD_SOLID_BREP('', #2292);
#2309 = APPLICATION_CONTEXT('configuration controlled 3D design of mechanical parts and assemblies');
#2310 = PRODUCT_DEFINITION_CONTEXT('part definition', #2309, 'design');
#2311 = PRODUCT_CONTEXT('', #2309, 'mechanical');
#2312 = PRODUCT('UNIDENTIFIED_PRODUCT', '', $, (#2311));
#2313 = PRODUCT_DEFINITION_FORMATION('', $, #2312);
#2314 = PRODUCT_DEFINITION('design', $, #2313, #2310);
#2315 = PRODUCT_DEFINITION_SHAPE('', '', #2314);
#2316 = ADVANCED_BREP_SHAPE_REPRESENTATION('', (#2308), #4);
#2317 = SHAPE_DEFINITION_REPRESENTATION(#2315, #2316);
#2318 = COLOUR_RGB('', 0.89999998, 0.89999998, 0.89999998);
#2319 = FILL_AREA_STYLE_COLOUR('', #2318);
#2320 = FILL_AREA_STYLE('', (#2319));
#2321 = SURFACE_STYLE_FILL_AREA(#2320);
#2322 = SURFACE_SIDE_STYLE('', (#2321));
#2323 = SURFACE_STYLE_USAGE(.BOTH., #2322);
#2324 = PRESENTATION_STYLE_ASSIGNMENT((#2323));
#2325 = STYLED_ITEM('', (#2324), #2308);
#2326 = MECHANICAL_DESIGN_GEOMETRIC_PRESENTATION_REPRESENTATION('', (#2325), #4);
#2327 = PRODUCT_CONTEXT('', #2309, 'mechanical');
#2328 = PRODUCT('UNIDENTIFIED_PRODUCT', '', $, (#2327));
#2329 = PRODUCT_DEFINITION_FORMATION('', $, #2328);
#2330 = PRODUCT_DEFINITION('design', $, #2329, #2310);
#2331 = PRODUCT_DEFINITION_SHAPE('', '', #2330);
#2332 = ADVANCED_BREP_SHAPE_REPRESENTATION('', (#2307), #4);
#2333 = SHAPE_DEFINITION_REPRESENTATION(#2331, #2332);
#2334 = COLOUR_RGB('', 0.14509805, 0.16862746, 0.1882353);
#2335 = FILL_AREA_STYLE_COLOUR('', #2334);
#2336 = FILL_AREA_STYLE('', (#2335));
#2337 = SURFACE_STYLE_FILL_AREA(#2336);
#2338 = SURFACE_SIDE_STYLE('', (#2337));
#2339 = SURFACE_STYLE_USAGE(.BOTH., #2338);
#2340 = PRESENTATION_STYLE_ASSIGNMENT((#2339));
#2341 = STYLED_ITEM('', (#2340), #2307);
#2342 = MECHANICAL_DESIGN_GEOMETRIC_PRESENTATION_REPRESENTATION('', (#2341), #4);
#2343 = PRODUCT_CONTEXT('', #2309, 'mechanical');
#2344 = PRODUCT('UNIDENTIFIED_PRODUCT', '', $, (#2343));
#2345 = PRODUCT_DEFINITION_FORMATION('', $, #2344);
#2346 = PRODUCT_DEFINITION('design', $, #2345, #2310);
#2347 = PRODUCT_DEFINITION_SHAPE('', '', #2346);
#2348 = ADVANCED_BREP_SHAPE_REPRESENTATION('', (#2306), #4);
#2349 = SHAPE_DEFINITION_REPRESENTATION(#2347, #2348);
#2350 = COLOUR_RGB('', 0.14509805, 0.16862746, 0.1882353);
#2351 = FILL_AREA_STYLE_COLOUR('', #2350);
#2352 = FILL_AREA_STYLE('', (#2351));
#2353 = SURFACE_STYLE_FILL_AREA(#2352);
#2354 = SURFACE_SIDE_STYLE('', (#2353));
#2355 = SURFACE_STYLE_USAGE(.BOTH., #2354);
#2356 = PRESENTATION_STYLE_ASSIGNMENT((#2355));
#2357 = STYLED_ITEM('', (#2356), #2306);
#2358 = MECHANICAL_DESIGN_GEOMETRIC_PRESENTATION_REPRESENTATION('', (#2357), #4);
#2359 = PRODUCT_CONTEXT('', #2309, 'mechanical');
#2360 = PRODUCT('UNIDENTIFIED_PRODUCT', '', $, (#2359));
#2361 = PRODUCT_DEFINITION_FORMATION('', $, #2360);
#2362 = PRODUCT_DEFINITION('design', $, #2361, #2310);
#2363 = PRODUCT_DEFINITION_SHAPE('', '', #2362);
#2364 = ADVANCED_BREP_SHAPE_REPRESENTATION('', (#2305), #4);
#2365 = SHAPE_DEFINITION_REPRESENTATION(#2363, #2364);
#2366 = COLOUR_RGB('', 0.14509805, 0.16862746, 0.1882353);
#2367 = FILL_AREA_STYLE_COLOUR('', #2366);
#2368 = FILL_AREA_STYLE('', (#2367));
#2369 = SURFACE_STYLE_FILL_AREA(#2368);
#2370 = SURFACE_SIDE_STYLE('', (#2369));
#2371 = SURFACE_STYLE_USAGE(.BOTH., #2370);
#2372 = PRESENTATION_STYLE_ASSIGNMENT((#2371));
#2373 = STYLED_ITEM('', (#2372), #2305);
#2374 = MECHANICAL_DESIGN_GEOMETRIC_PRESENTATION_REPRESENTATION('', (#2373), #4);
#2375 = PRODUCT_CONTEXT('', #2309, 'mechanical');
#2376 = PRODUCT('UNIDENTIFIED_PRODUCT', '', $, (#2375));
#2377 = PRODUCT_DEFINITION_FORMATION('', $, #2376);
#2378 = PRODUCT_DEFINITION('design', $, #2377, #2310);
#2379 = PRODUCT_DEFINITION_SHAPE('', '', #2378);
#2380 = ADVANCED_BREP_SHAPE_REPRESENTATION('', (#2304), #4);
#2381 = SHAPE_DEFINITION_REPRESENTATION(#2379, #2380);
#2382 = COLOUR_RGB('', 0.14509805, 0.16862746, 0.1882353);
#2383 = FILL_AREA_STYLE_COLOUR('', #2382);
#2384 = FILL_AREA_STYLE('', (#2383));
#2385 = SURFACE_STYLE_FILL_AREA(#2384);
#2386 = SURFACE_SIDE_STYLE('', (#2385));
#2387 = SURFACE_STYLE_USAGE(.BOTH., #2386);
#2388 = PRESENTATION_STYLE_ASSIGNMENT((#2387));
#2389 = STYLED_ITEM('', (#2388), #2304);
#2390 = MECHANICAL_DESIGN_GEOMETRIC_PRESENTATION_REPRESENTATION('', (#2389), #4);
#2391 = PRODUCT_CONTEXT('', #2309, 'mechanical');
#2392 = PRODUCT('UNIDENTIFIED_PRODUCT', '', $, (#2391));
#2393 = PRODUCT_DEFINITION_FORMATION('', $, #2392);
#2394 = PRODUCT_DEFINITION('design', $, #2393, #2310);
#2395 = PRODUCT_DEFINITION_SHAPE('', '', #2394);
#2396 = ADVANCED_BREP_SHAPE_REPRESENTATION('', (#2303), #4);
#2397 = SHAPE_DEFINITION_REPRESENTATION(#2395, #2396);
#2398 = COLOUR_RGB('', 0.22745098, 0.26274511, 0.29019609);
#2399 = FILL_AREA_STYLE_COLOUR('', #2398);
#2400 = FILL_AREA_STYLE('', (#2399));
#2401 = SURFACE_STYLE_FILL_AREA(#2400);
#2402 = SURFACE_SIDE_STYLE('', (#2401));
#2403 = SURFACE_STYLE_USAGE(.BOTH., #2402);
#2404 = PRESENTATION_STYLE_ASSIGNMENT((#2403));
#2405 = STYLED_ITEM('', (#2404), #2303);
#2406 = MECHANICAL_DESIGN_GEOMETRIC_PRESENTATION_REPRESENTATION('', (#2405), #4);
#2407 = PRODUCT_CONTEXT('', #2309, 'mechanical');
#2408 = PRODUCT('UNIDENTIFIED_PRODUCT', '', $, (#2407));
#2409 = PRODUCT_DEFINITION_FORMATION('', $, #2408);
#2410 = PRODUCT_DEFINITION('design', $, #2409, #2310);
#2411 = PRODUCT_DEFINITION_SHAPE('', '', #2410);
#2412 = ADVANCED_BREP_SHAPE_REPRESENTATION('', (#2302), #4);
#2413 = SHAPE_DEFINITION_REPRESENTATION(#2411, #2412);
#2414 = COLOUR_RGB('', 0.22745098, 0.26274511, 0.29019609);
#2415 = FILL_AREA_STYLE_COLOUR('', #2414);
#2416 = FILL_AREA_STYLE('', (#2415));
#2417 = SURFACE_STYLE_FILL_AREA(#2416);
#2418 = SURFACE_SIDE_STYLE('', (#2417));
#2419 = SURFACE_STYLE_USAGE(.BOTH., #2418);
#2420 = PRESENTATION_STYLE_ASSIGNMENT((#2419));
#2421 = STYLED_ITEM('', (#2420), #2302);
#2422 = MECHANICAL_DESIGN_GEOMETRIC_PRESENTATION_REPRESENTATION('', (#2421), #4);
#2423 = PRODUCT_CONTEXT('', #2309, 'mechanical');
#2424 = PRODUCT('UNIDENTIFIED_PRODUCT', '', $, (#2423));
#2425 = PRODUCT_DEFINITION_FORMATION('', $, #2424);
#2426 = PRODUCT_DEFINITION('design', $, #2425, #2310);
#2427 = PRODUCT_DEFINITION_SHAPE('', '', #2426);
#2428 = ADVANCED_BREP_SHAPE_REPRESENTATION('', (#2301), #4);
#2429 = SHAPE_DEFINITION_REPRESENTATION(#2427, #2428);
#2430 = COLOUR_RGB('', 0.22745098, 0.26274511, 0.29019609);
#2431 = FILL_AREA_STYLE_COLOUR('', #2430);
#2432 = FILL_AREA_STYLE('', (#2431));
#2433 = SURFACE_STYLE_FILL_AREA(#2432);
#2434 = SURFACE_SIDE_STYLE('', (#2433));
#2435 = SURFACE_STYLE_USAGE(.BOTH., #2434);
#2436 = PRESENTATION_STYLE_ASSIGNMENT((#2435));
#2437 = STYLED_ITEM('', (#2436), #2301);
#2438 = MECHANICAL_DESIGN_GEOMETRIC_PRESENTATION_REPRESENTATION('', (#2437), #4);
#2439 = PRODUCT_CONTEXT('', #2309, 'mechanical');
#2440 = PRODUCT('UNIDENTIFIED_PRODUCT', '', $, (#2439));
#2441 = PRODUCT_DEFINITION_FORMATION('', $, #2440);
#2442 = PRODUCT_DEFINITION('design', $, #2441, #2310);
#2443 = PRODUCT_DEFINITION_SHAPE('', '', #2442);
#2444 = ADVANCED_BREP_SHAPE_REPRESENTATION('', (#2300), #4);
#2445 = SHAPE_DEFINITION_REPRESENTATION(#2443, #2444);
#2446 = COLOUR_RGB('', 0.14509805, 0.16862746, 0.1882353);
#2447 = FILL_AREA_STYLE_COLOUR('', #2446);
#2448 = FILL_AREA_STYLE('', (#2447));
#2449 = SURFACE_STYLE_FILL_AREA(#2448);
#2450 = SURFACE_SIDE_STYLE('', (#2449));
#2451 = SURFACE_STYLE_USAGE(.BOTH., #2450);
#2452 = PRESENTATION_STYLE_ASSIGNMENT((#2451));
#2453 = STYLED_ITEM('', (#2452), #2300);
#2454 = MECHANICAL_DESIGN_GEOMETRIC_PRESENTATION_REPRESENTATION('', (#2453), #4);
#2455 = PRODUCT_CONTEXT('', #2309, 'mechanical');
#2456 = PRODUCT('UNIDENTIFIED_PRODUCT', '', $, (#2455));
#2457 = PRODUCT_DEFINITION_FORMATION('', $, #2456);
#2458 = PRODUCT_DEFINITION('design', $, #2457, #2310);
#2459 = PRODUCT_DEFINITION_SHAPE('', '', #2458);
#2460 = ADVANCED_BREP_SHAPE_REPRESENTATION('', (#2299), #4);
#2461 = SHAPE_DEFINITION_REPRESENTATION(#2459, #2460);
#2462 = COLOUR_RGB('', 0.14509805, 0.16862746, 0.1882353);
#2463 = FILL_AREA_STYLE_COLOUR('', #2462);
#2464 = FILL_AREA_STYLE('', (#2463));
#2465 = SURFACE_STYLE_FILL_AREA(#2464);
#2466 = SURFACE_SIDE_STYLE('', (#2465));
#2467 = SURFACE_STYLE_USAGE(.BOTH., #2466);
#2468 = PRESENTATION_STYLE_ASSIGNMENT((#2467));
#2469 = STYLED_ITEM('', (#2468), #2299);
#2470 = MECHANICAL_DESIGN_GEOMETRIC_PRESENTATION_REPRESENTATION('', (#2469), #4);
#2471 = PRODUCT_CONTEXT('', #2309, 'mechanical');
#2472 = PRODUCT('UNIDENTIFIED_PRODUCT', '', $, (#2471));
#2473 = PRODUCT_DEFINITION_FORMATION('', $, #2472);
#2474 = PRODUCT_DEFINITION('design', $, #2473, #2310);
#2475 = PRODUCT_DEFINITION_SHAPE('', '', #2474);
#2476 = ADVANCED_BREP_SHAPE_REPRESENTATION('', (#2298), #4);
#2477 = SHAPE_DEFINITION_REPRESENTATION(#2475, #2476);
#2478 = COLOUR_RGB('', 0.22745098, 0.26274511, 0.29019609);
#2479 = FILL_AREA_STYLE_COLOUR('', #2478);
#2480 = FILL_AREA_STYLE('', (#2479));
#2481 = SURFACE_STYLE_FILL_AREA(#2480);
#2482 = SURFACE_SIDE_STYLE('', (#2481));
#2483 = SURFACE_STYLE_USAGE(.BOTH., #2482);
#2484 = PRESENTATION_STYLE_ASSIGNMENT((#2483));
#2485 = STYLED_ITEM('', (#2484), #2298);
#2486 = MECHANICAL_DESIGN_GEOMETRIC_PRESENTATION_REPRESENTATION('', (#2485), #4);
#2487 = PRODUCT_CONTEXT('', #2309, 'mechanical');
#2488 = PRODUCT('UNIDENTIFIED_PRODUCT', '', $, (#2487));
#2489 = PRODUCT_DEFINITION_FORMATION('', $, #2488);
#2490 = PRODUCT_DEFINITION('design', $, #2489, #2310);
#2491 = PRODUCT_DEFINITION_SHAPE('', '', #2490);
#2492 = ADVANCED_BREP_SHAPE_REPRESENTATION('', (#2297), #4);
#2493 = SHAPE_DEFINITION_REPRESENTATION(#2491, #2492);
#2494 = COLOUR_RGB('', 0.71764708, 0.74509805, 0.76862746);
#2495 = FILL_AREA_STYLE_COLOUR('', #2494);
#2496 = FILL_AREA_STYLE('', (#2495));
#2497 = SURFACE_STYLE_FILL_AREA(#2496);
#2498 = SURFACE_SIDE_STYLE('', (#2497));
#2499 = SURFACE_STYLE_USAGE(.BOTH., #2498);
#2500 = PRESENTATION_STYLE_ASSIGNMENT((#2499));
#2501 = STYLED_ITEM('', (#2500), #2297);
#2502 = MECHANICAL_DESIGN_GEOMETRIC_PRESENTATION_REPRESENTATION('', (#2501), #4);
#2503 = PRODUCT_CONTEXT('', #2309, 'mechanical');
#2504 = PRODUCT('UNIDENTIFIED_PRODUCT', '', $, (#2503));
#2505 = PRODUCT_DEFINITION_FORMATION('', $, #2504);
#2506 = PRODUCT_DEFINITION('design', $, #2505, #2310);
#2507 = PRODUCT_DEFINITION_SHAPE('', '', #2506);
#2508 = ADVANCED_BREP_SHAPE_REPRESENTATION('', (#2296), #4);
#2509 = SHAPE_DEFINITION_REPRESENTATION(#2507, #2508);
#2510 = COLOUR_RGB('', 0.8392157, 0.85490197, 0.86666667);
#2511 = FILL_AREA_STYLE_COLOUR('', #2510);
#2512 = FILL_AREA_STYLE('', (#2511));
#2513 = SURFACE_STYLE_FILL_AREA(#2512);
#2514 = SURFACE_SIDE_STYLE('', (#2513));
#2515 = SURFACE_STYLE_USAGE(.BOTH., #2514);
#2516 = PRESENTATION_STYLE_ASSIGNMENT((#2515));
#2517 = STYLED_ITEM('', (#2516), #2296);
#2518 = MECHANICAL_DESIGN_GEOMETRIC_PRESENTATION_REPRESENTATION('', (#2517), #4);
#2519 = PRODUCT_CONTEXT('', #2309, 'mechanical');
#2520 = PRODUCT('UNIDENTIFIED_PRODUCT', '', $, (#2519));
#2521 = PRODUCT_DEFINITION_FORMATION('', $, #2520);
#2522 = PRODUCT_DEFINITION('design', $, #2521, #2310);
#2523 = PRODUCT_DEFINITION_SHAPE('', '', #2522);
#2524 = ADVANCED_BREP_SHAPE_REPRESENTATION('', (#2295), #4);
#2525 = SHAPE_DEFINITION_REPRESENTATION(#2523, #2524);
#2526 = COLOUR_RGB('', 0.19215687, 0.22352941, 0.25490198);
#2527 = FILL_AREA_STYLE_COLOUR('', #2526);
#2528 = FILL_AREA_STYLE('', (#2527));
#2529 = SURFACE_STYLE_FILL_AREA(#2528);
#2530 = SURFACE_SIDE_STYLE('', (#2529));
#2531 = SURFACE_STYLE_USAGE(.BOTH., #2530);
#2532 = PRESENTATION_STYLE_ASSIGNMENT((#2531));
#2533 = STYLED_ITEM('', (#2532), #2295);
#2534 = MECHANICAL_DESIGN_GEOMETRIC_PRESENTATION_REPRESENTATION('', (#2533), #4);
#2535 = PRODUCT_CONTEXT('', #2309, 'mechanical');
#2536 = PRODUCT('UNIDENTIFIED_PRODUCT', '', $, (#2535));
#2537 = PRODUCT_DEFINITION_FORMATION('', $, #2536);
#2538 = PRODUCT_DEFINITION('design', $, #2537, #2310);
#2539 = PRODUCT_DEFINITION_SHAPE('', '', #2538);
#2540 = ADVANCED_BREP_SHAPE_REPRESENTATION('', (#2294), #4);
#2541 = SHAPE_DEFINITION_REPRESENTATION(#2539, #2540);
#2542 = COLOUR_RGB('', 0.84705883, 0.64705884, 0.17647059);
#2543 = FILL_AREA_STYLE_COLOUR('', #2542);
#2544 = FILL_AREA_STYLE('', (#2543));
#2545 = SURFACE_STYLE_FILL_AREA(#2544);
#2546 = SURFACE_SIDE_STYLE('', (#2545));
#2547 = SURFACE_STYLE_USAGE(.BOTH., #2546);
#2548 = PRESENTATION_STYLE_ASSIGNMENT((#2547));
#2549 = STYLED_ITEM('', (#2548), #2294);
#2550 = MECHANICAL_DESIGN_GEOMETRIC_PRESENTATION_REPRESENTATION('', (#2549), #4);
#2551 = PRODUCT_CONTEXT('', #2309, 'mechanical');
#2552 = PRODUCT('UNIDENTIFIED_PRODUCT', '', $, (#2551));
#2553 = PRODUCT_DEFINITION_FORMATION('', $, #2552);
#2554 = PRODUCT_DEFINITION('design', $, #2553, #2310);
#2555 = PRODUCT_DEFINITION_SHAPE('', '', #2554);
#2556 = ADVANCED_BREP_SHAPE_REPRESENTATION('', (#2293), #4);
#2557 = SHAPE_DEFINITION_REPRESENTATION(#2555, #2556);
#2558 = COLOUR_RGB('', 0.89803922, 0.74117649, 0.33333334);
#2559 = FILL_AREA_STYLE_COLOUR('', #2558);
#2560 = FILL_AREA_STYLE('', (#2559));
#2561 = SURFACE_STYLE_FILL_AREA(#2560);
#2562 = SURFACE_SIDE_STYLE('', (#2561));
#2563 = SURFACE_STYLE_USAGE(.BOTH., #2562);
#2564 = PRESENTATION_STYLE_ASSIGNMENT((#2563));
#2565 = STYLED_ITEM('', (#2564), #2293);
#2566 = MECHANICAL_DESIGN_GEOMETRIC_PRESENTATION_REPRESENTATION('', (#2565), #4);
ENDSEC;
END-ISO-10303-21;
